time,open,high,low,close,Volume,Volume MA,% Return,% Return Wick Highs,% Return Wick Lows
2011-03-14,251.1,251.1,251.1,251.1,0,NaN,NaN,NaN,NaN
2011-03-21,252.6,260,252.6,258.2,0,NaN,2.827558741537234,3.5444046196734393,0.5973715651135006
2011-03-28,258.1,261.5,257.2,260,0,NaN,0.6971340046475643,1.2780790085205314,-0.3872966692486445
2011-04-04,259.7,261.5,258.4,260.4,0,NaN,0.15384615384614508,0.576923076923077,-0.6153846153846242
2011-04-11,259.8,259.8,256,256.9,0,NaN,-1.3440860215053765,-0.2304147465437657,-1.6897081413210362
2011-04-18,255,263.4,252,261.6,0,NaN,1.8295056442195583,2.53016738030362,-1.9073569482288741
2011-04-25,262.7,267.8,262.7,267.3,0,NaN,2.178899082568803,2.370030581039751,0.4204892966360725
2011-05-02,266.6,268.5,263.4,266.2,121,NaN,-0.4115226337448643,0.44893378226711134,-1.4590347923681384
2011-05-09,266.2,268.5,263.8,265.3,35,NaN,-0.3380916604057015,0.8640120210368187,-0.9015777610818848
2011-05-16,261.5,263.5,258,262.2,23,NaN,-1.1684885035808603,-0.6784771956275957,-2.751601960045236
2011-05-23,258.4,260.8,256.5,260.3,7,NaN,-0.7246376811594116,-0.5339435545385116,-2.1739130434782568
2011-05-31,262.7,264.9,255.1,255.1,81,NaN,-1.9976949673453772,1.7671917018824301,-1.9976949673453772
2011-06-06,254.1,255.7,247.3,247.7,65,NaN,-2.900823206585655,0.23520188161505073,-3.0576244609956813
2011-06-13,248.6,251.3,242.9,244.3,67,NaN,-1.3726281792490824,1.453371013322577,-1.9378280177634166
2011-06-20,244.5,250,243.7,245.5,117,NaN,0.49119934506753515,2.33319688907081,-0.24559967253377923
2011-06-27,245.6,261.4,245.1,261.2,340,NaN,6.395112016293275,6.476578411405286,-0.1629327902240349
2011-07-05,261,266.5,260.5,264.8,207,NaN,1.3782542113323215,2.0290964777947975,-0.2679938744257231
2011-07-11,262.7,263,255.5,259.4,133,NaN,-2.0392749244713118,-0.6797583081571039,-3.512084592145019
2011-07-18,258.9,267.6,256.1,267.2,74,NaN,3.006939090208177,3.161141094834251,-1.2721665381649787
2011-07-25,265.8,268.7,256.2,257.9,137,NaN,-3.4805389221556933,0.5613772455089818,-4.116766467065868
2011-08-01,261.6,262,236.2,243,335,NaN,-5.777433113609918,1.5897634742148208,-8.414113997673512
2011-08-08,239.1,242.5,226,241,727,NaN,-0.8230452674897117,-0.20576131687242794,-6.995884773662551
2011-08-15,244.4,245.4,224.6,225,892,NaN,-6.639004149377594,1.8257261410788403,-6.804979253112036
2011-08-22,229.5,238.3,225.3,237.8,902,NaN,5.688888888888894,5.911111111111116,0.1333333333333382
2011-08-29,241.9,247.6,235.2,236.5,134,NaN,-0.5466778805719139,4.121110176619,-1.0933557611438278
2011-09-06,231.3,243.3,230,236.3,195,NaN,-0.08456659619449836,2.875264270613113,-2.748414376321353
2011-09-12,237.1,249.4,232.2,249.2,235,NaN,5.4591620820990165,5.543800253914513,-1.7350825222175297
2011-09-19,249,252.6,234,239.5,149,NaN,-3.8924558587479883,1.3643659711075466,-6.099518459069016
2011-09-26,237.5,249.5,235.6,235.6,296,NaN,-1.628392484342382,4.175365344467641,-1.628392484342382
2011-10-03,235.1,245.1,225.8,242.4,144,180.53333333333333,2.886247877758918,4.032258064516129,-4.159592529711368
2011-10-10,250,259.9,249,259.9,30,181.53333333333333,7.219471947194707,7.219471947194707,2.7227722772277207
2011-10-17,257.2,259.4,249,255.1,35,182.7,-1.846864178530197,-0.19238168526356247,-4.193920738745663
2011-10-24,257,265.3,251.5,264.7,143,187.46666666666667,3.7632301058408446,3.9984319874559056,-1.411211289690315
2011-10-31,261.5,262.9,252.7,260.3,47,189.03333333333333,-1.6622591613146875,-0.6800151114469255,-4.5334340763128065
2011-11-07,260.3,264.7,254.3,261.2,21,189.73333333333332,0.3457548981943823,1.690357280061459,-2.305032654629274
2011-11-14,259.7,262.5,252.2,252.2,33,190.83333333333334,-3.4456355283307807,0.49770290964778385,-3.4456355283307807
2011-11-21,247.1,247.4,239.6,240,38,192.1,-4.837430610626483,-1.9032513877874637,-4.996034892942108
2011-11-28,246.1,258.3,246.1,257.2,211,195.1,7.166666666666662,7.625000000000005,2.5416666666666643
2011-12-05,260.4,260.4,256.7,260,84,196.73333333333332,1.0886469673405959,1.2441679626749567,-0.19440124416796278
2011-12-12,257.8,257.9,249.1,249.5,271,205,-4.038461538461538,-0.8076923076923164,-4.192307692307694
2011-12-19,248.5,255.1,247.4,255.1,57,206.66666666666666,2.2444889779559096,2.2444889779559096,-0.8416833667334647
2011-12-27,254.8,255.9,253.6,254.8,60,205.96666666666667,-0.11760094080751982,0.3136025088200749,-0.5880047040376323
2012-01-03,259.6,259.6,258.1,259.6,29,204.76666666666668,1.883830455259031,1.883830455259031,1.295133437990585
2012-01-09,259.4,261.9,259.3,260.6,49,204.16666666666666,0.38520801232665636,0.885978428351292,-0.11556240369800119
2012-01-17,263.6,268.2,262.2,268.2,22,201,2.9163468917881676,2.9163468917881676,0.6139677666922355
2012-01-23,268.7,271.2,268,269,61,191.7,0.29828486204325566,1.1185682326621924,-0.07457121551080859
2012-01-30,269.8,277.6,269.8,277.4,81,187.5,3.122676579925642,3.1970260223048412,0.29739776951673286
2012-02-06,276.6,282.2,276.6,280.5,939,214.36666666666667,1.1175198269646804,1.7303532804614317,-0.28839221341022153
2012-02-13,282.3,285.1,281.3,285.1,2427,292.8,1.6399286987522361,1.6399286987522361,0.28520499108734815
2012-02-21,287.4,287.9,285.4,287.9,20,288.9,0.9821115398105768,0.9821115398105768,0.10522623640826184
2012-02-27,288.3,291.6,288.3,291,340,289.06666666666666,1.076762764848914,1.2851684612712906,0.13893713094825777
2012-03-05,288.7,291.6,284.6,291.6,357,276.73333333333335,0.2061855670103171,0.20618556701031698,-2.1993127147766245
2012-03-12,292.3,299,292.3,299,394,260.1333333333333,2.5377229080932704,2.5377229080932704,0.2400548696844953
2012-03-19,299,301.7,298.9,299.8,152,235.13333333333333,0.26755852842809746,0.9030100334448123,-0.03344481605351929
2012-03-26,304.4,305.3,301.8,301.8,612,251.06666666666666,0.66711140760507,1.8345563709139427,0.6671114076050702
2012-04-02,301.9,304.9,299.4,301.8,916,275.1,0,1.0271703114645347,-0.7952286282306276
2012-04-09,299.7,301,295.7,296.4,185,273.43333333333334,-1.789264413518898,-0.26507620941020926,-2.021206096752824
2012-04-16,294.5,299.1,292.9,292.9,149,273.43333333333334,-1.1808367071524968,0.9109311740890842,-1.1808367071524968
2012-04-23,290.5,300.6,288.5,300.6,1093,300,2.6288835780129896,2.6288835780129896,-1.5022191874359774
2012-04-30,300.1,302.1,290.7,290.7,156,300.4,-3.2934131736527066,0.4990019960079839,-3.293413173652706
2012-05-07,289.6,289.9,286,287.2,193,305.8333333333333,-1.2039903680770552,-0.2751977984176166,-1.6167870657034706
2012-05-14,284.6,286.5,274.7,274.7,1306,348.2,-4.352367688022285,-0.24373259052924398,-4.352367688022285
2012-05-21,278.2,282.8,276.6,278.7,386,356.3,1.4561339643247182,2.948671277757562,0.6916636330542536
2012-05-29,281.5,283,272.2,272.2,245,362.9,-2.332256907068533,1.5428776462145717,-2.332256907068533
2012-06-04,271.4,283.7,271.3,283,127,366.43333333333334,3.9676708302718633,4.224834680382072,-0.33063923585597976
2012-06-11,283.2,283.3,279.1,283.3,2129,436.3,0.10600706713781305,0.1060070671378135,-1.3780918727915112
2012-06-18,284.9,288.5,281.7,284.4,77,437.6,0.38828097423225055,1.8355100600070555,-0.5647723261560263
2012-06-25,279.1,287.5,277.6,287.5,862,459.3,1.090014064697617,1.090014064697617,-2.3909985935302234
2012-07-02,287.6,291.6,285,286.4,279,465.8,-0.3826086956521819,1.426086956521747,-0.8695652173913042
2012-07-09,285.2,286,277.2,282.4,229,464.4,-1.3966480446927376,-0.13966480446926588,-3.2122905027932926
2012-07-16,282,291.5,281.4,287.6,268,471.43333333333334,1.8413597733711213,3.2223796033994416,-0.3541076487252126
2012-07-23,282.3,291,280.1,291,1011,503.1333333333333,1.1821974965229405,1.1821974965229405,-2.60778859527121
2012-07-30,291.4,295.5,288.1,295.5,41,503.53333333333336,1.5463917525773196,1.5463917525773196,-0.9965635738831535
2012-08-06,297.6,301.1,297.2,301.1,107,505.46666666666664,1.8950930626057607,1.8950930626057607,0.5752961082910284
2012-08-13,301.9,307.1,300.1,307.1,25,505.56666666666666,1.9926934573231483,1.9926934573231483,-0.3321155762205248
2012-08-20,306.9,308.1,303.9,305.2,44,505,-0.6186909801367744,0.3256268316509281,-1.0420058612829846
2012-08-27,306.7,306.7,302.5,304.3,477,518.2,-0.2948885976408838,0.49148099606815204,-0.88466579292267
2012-09-04,303.9,311,302.1,310.6,289,496.53333333333336,2.07032533683865,2.2017745645744293,-0.7229707525468251
2012-09-10,310.1,316.2,307.7,315.9,128,419.9,1.706374758531859,1.8029620090147989,-0.9336767546683947
2012-09-17,315.9,316.5,314.2,315.3,783,445.3333333333333,-0.18993352326684576,0.18993352326686375,-0.5381449825894234
2012-09-24,312.6,313.4,305.3,308,651,455.7,-2.315255312400892,-0.6026006977481871,-3.1715826197272436
2012-10-01,309.6,310.7,306.3,308.8,93,446.9,0.2597402597402634,0.876623376623373,-0.551948051948048
2012-10-08,306.2,306.6,299.1,299.1,282,443.1666666666667,-3.1411917098445556,-0.712435233160618,-3.1411917098445556
2012-10-15,298.2,304.3,292.8,292.8,127,442.3333333333333,-2.1063189568706155,1.7385489802741518,-2.1063189568706155
2012-10-22,292.9,294.6,287.3,289.6,374,434.4,-1.092896174863384,0.6147540983606596,-1.8784153005464481
2012-10-29,289.6,293.5,287.8,289.1,135,408.3666666666667,-0.17265193370165743,1.3466850828729202,-0.6215469613259708
2012-11-05,290.1,292.1,280.8,281.9,59,404.1666666666667,-2.490487720511949,1.0377032168799722,-2.870978900034594
2012-11-12,282.7,282.7,271.6,276,90,402.2,-2.092940759134437,0.2837885775097593,-3.653777935438083
2012-11-19,279.6,288,279.6,288,219,373.06666666666666,4.3478260869565215,4.3478260869565215,1.3043478260869645
2012-11-26,287,291.7,286.6,290.7,915,398.3666666666667,0.937499999999996,1.2847222222222183,-0.48611111111110317
2012-12-03,292.4,292.5,285.2,286.9,169,397.56666666666666,-1.307189542483664,0.6191950464396324,-1.8919848641210872
2012-12-10,288.3,292.6,286.4,286.5,354,365.8333333333333,-0.13942140118507407,1.9867549668874336,-0.17427675148135235
2012-12-17,287.6,294.1,287.1,289.3,1578,405.56666666666666,0.9773123909249604,2.6527050610820324,0.2094240837696415
2012-12-24,288.7,288.8,283.3,283.5,146,402.26666666666665,-2.0048392671966857,-0.17283097131005887,-2.0739716557207055
2012-12-31,284.7,298.4,284.7,295.1,340,409.3666666666667,4.091710758377433,5.25573192239858,0.42328042328041926
2013-01-07,293.4,296.1,290,296.1,244,346.53333333333336,0.3388681802778719,0.33886818027787147,-1.7282277194171543
2013-01-14,293.7,295.1,291.7,293.5,622,364.7,-0.8780817291455665,-0.3377237419790611,-1.4859844647078804
2013-01-22,292.7,297.8,292.5,292.8,475,351.8,-0.23850085178875247,1.465076660988079,-0.3407155025553663
2013-01-28,293,297,292.7,297,157,347.73333333333335,1.4344262295081927,1.4344262295081927,-0.03415300546448863
2013-02-04,296,299.6,293.2,299.2,78,342.7,0.7407407407407369,0.875420875420883,-1.2794612794612834
2013-02-11,299,299.5,297,297.8,163,339.2,-0.4679144385026661,0.10026737967914823,-0.7352941176470551
2013-02-19,298.5,299.4,292.6,296.5,56,307.3666666666667,-0.4365345869711253,0.5372733378105996,-1.7461383478844823
2013-02-25,297.8,298.2,292.5,296.4,180,312,-0.03372681281619655,0.573355817875207,-1.3490725126475547
2013-03-04,296,303,296,302.7,578,327.7,2.125506072874498,2.2267206477732873,-0.1349527665317063
2013-03-11,301.8,303.4,301,302,1405,373.7,-0.23125206475057425,0.23125206475057425,-0.5616121572514003
2013-03-18,299.5,303,299.5,301.6,100,375.56666666666666,-0.1324503311258203,0.33112582781456956,-0.8278145695364238
2013-03-25,300.9,302.5,300.1,302.3,230,367.3333333333333,0.2320954907161766,0.2984084880636529,-0.49734748010610075
2013-04-01,302.1,302.1,295,296.9,283,367.1333333333333,-1.786304995038053,-0.06615944426066445,-2.414819715514393
2013-04-08,296.8,305.4,296.7,303.4,262,371.6,2.1892893230043784,2.862916807005726,-0.0673627484001309
2013-04-15,302.1,302.7,291,293,209,352.46666666666664,-3.4278180619643956,-0.2307185234014466,-4.0870138431113965
2013-04-22,294.3,301.6,293.3,300.3,783,356.8666666666667,2.4914675767918135,2.935153583617755,0.10238907849829726
2013-04-29,301.5,312.1,301.5,311.7,243,361.8666666666667,3.7962037962037884,3.929403929403933,0.3996003996003958
2013-05-06,312.8,315.7,312.3,315.5,193,358.9,1.2191209496310593,1.2832852101379535,0.19249278152070026
2013-05-13,315.3,321.4,314.3,321.4,303,364.76666666666665,1.8700475435816093,1.8700475435816093,-0.3803486529318506
2013-05-20,321.4,321.8,314.7,316.5,452,367.3666666666667,-1.524579962663341,0.12445550715620235,-2.084629744866207
2013-05-28,319.9,320.5,315.1,315.9,741,387.56666666666666,-0.18957345971564687,1.263823064770932,-0.44233807266981895
2013-06-03,316.8,319.7,310.9,316.8,614,406.06666666666666,0.28490028490029573,1.2029123140234288,-1.5827793605571385
2013-06-10,317.9,318.6,311.7,313.5,1141,441.1,-1.0416666666666703,0.5681818181818218,-1.6098484848484922
2013-06-17,316.1,319.4,302.7,305.1,3541,551.8333333333334,-2.679425837320567,1.8819776714513483,-3.4449760765550277
2013-06-24,301.3,308.5,300,305.3,735,545.8333333333334,0.06555227794165486,1.1143887250081865,-1.6715830875122986
2013-07-01,308.3,311.2,305.8,311.2,461,555.5666666666667,1.932525384867336,1.932525384867336,0.1637733377006223
2013-07-08,312.2,319.3,310.7,318.9,405,557.2666666666667,2.4742930591259604,2.602827763496151,-0.1606683804627249
2013-07-15,319.2,321.2,313.7,314.1,159,509.96666666666664,-1.505174035747869,0.721229225462531,-1.6306052053935367
2013-07-22,315.1,317.4,313.9,316.6,448,520.0333333333333,0.7959248646927728,1.050620821394446,-0.06367398917543632
2013-07-29,317.2,321.8,316.2,321.8,233,516.4666666666667,1.642451042324696,1.642451042324696,-0.12634238787114152
2013-08-05,322.1,322.3,319,319.4,283,517.7666666666667,-0.7458048477315207,0.15537600994406464,-0.8701056556867655
2013-08-12,321.3,324.2,317.4,317.8,262,505.76666666666665,-0.5009392611145792,1.5028177833437733,-0.6261740763932374
2013-08-19,319.8,320.5,315.8,320.3,341,501.3,0.7866582756450596,0.849590937696661,-0.6293266205160477
2013-08-26,320.2,320.9,312.9,313.6,585,515.5666666666667,-2.0917889478613763,0.18732438339056068,-2.310334061817057
2013-09-03,315.8,318.6,313.4,317.3,89,515.9333333333333,1.1798469387755066,1.594387755102041,-0.063775510204096
2013-09-09,319.1,323.3,319.1,321.7,423,524.6,1.3867002836432325,1.8909549322407817,0.567286479672238
2013-09-16,321.7,326.7,320.6,324,1543,574.1666666666666,0.7149518184644114,1.554243083618278,-0.3419334783960105
2013-09-23,325,325.1,321.5,321.7,441,582.8666666666667,-0.70987654320988,0.33950617283951323,-0.7716049382716049
2013-09-30,318.4,323.6,318.4,321.6,707,587.1666666666666,-0.031084861672354913,0.5906123717749562,-1.025800435188067
2013-10-07,319.3,324,313.6,324,380,553,0.7462686567164107,0.7462686567164107,-2.487562189054726
2013-10-14,321.8,332,321.8,332,2304,626.4666666666667,2.4691358024691357,2.4691358024691357,-0.6790123456790089
2013-10-21,333.7,336,330.7,334.5,1924,682.9333333333333,0.7530120481927711,1.2048192771084338,-0.3915662650602444
2013-10-28,334.9,338.6,334.1,336.4,649,695.1333333333333,0.5680119581464805,1.22571001494769,-0.11958146487293786
2013-11-04,337.4,339.8,335.1,338.5,323,697.1666666666666,0.6242568370986988,1.010701545778845,-0.3864447086801292
2013-11-11,338.3,342.7,338,342.7,567,709.1,1.2407680945347086,1.2407680945347086,-0.14771048744460857
2013-11-18,343.1,343.2,338.5,341.4,552,701.4,-0.3793405310767468,0.14590020426028594,-1.225561715786399
2013-11-25,341.6,347.2,341,346.2,137,697.8666666666667,1.4059753954305834,1.6988869361452874,-0.11716461628587505
2013-12-02,347,348.4,344.3,348.1,848,719.7,0.5488157134604374,0.6354708261120707,-0.5488157134604209
2013-12-09,348.3,349.7,341.8,341.8,834,737.4,-1.8098247629991413,0.4596380350473903,-1.8098247629991415
2013-12-16,344.7,350.4,339.6,349.6,1931,786.7,2.2820362785254567,2.516091281451131,-0.6436512580456375
2013-12-23,352.2,356.4,352.2,355.8,170,767.6666666666666,1.7734553775743673,1.9450800915331676,0.7437070938215005
2013-12-30,355.3,357.2,352.2,352.2,190,753.5333333333333,-1.0118043844856726,0.39347948285553036,-1.0118043844856726
2014-01-06,351,355.6,351,352.9,259,724.1333333333333,0.19875070982396048,0.9653605905735475,-0.3407155025553631
2014-01-13,352.8,360.1,349.2,357.5,547,624.3333333333334,1.3034854066307802,2.0402380277699192,-1.0484556531595322
2014-01-21,358.8,358.8,350.8,351.1,355,611.6666666666666,-1.790209790209784,0.36363636363636687,-1.874125874125871
2014-01-27,350.9,351.5,341.9,347.9,871,625.3333333333334,-0.9114212475078454,0.1139276559384726,-2.620336086585031
2014-02-03,347.3,350.3,339.2,350.3,396,625.0333333333333,0.6898534061512027,0.6898534061512027,-2.500718597298071
2014-02-10,350.5,360.4,350.5,360.4,193,626.1666666666666,2.8832429346274524,2.8832429346274524,0.057093919497570145
2014-02-18,359.9,362,358,359.3,196,617.7666666666667,-0.3052164261931094,0.44395116537181556,-0.6659267480577074
2014-02-24,359.2,363.3,358.9,362,521,627.3666666666667,0.7514611745059807,1.1132758140829389,-0.11132758140830346
2014-03-03,359.9,365.3,357.6,363.5,343,629.3666666666667,0.4143646408839779,0.9116022099447545,-1.2154696132596623
2014-03-10,363.4,363.9,356,356,1115,657.8,-2.063273727647868,0.11004126547454673,-2.063273727647868
2014-03-17,360.3,366.5,359.9,362.8,1969,712.0666666666667,1.9101123595505651,2.9494382022471908,1.0955056179775218
2014-03-24,362.7,364.9,357.7,359.9,251,700.9333333333333,-0.7993384785005606,0.5788313120176309,-1.405733186328562
2014-03-31,364.1,368.7,358.1,358.3,521,715.3333333333334,-0.44456793553763985,2.4451236454570746,-0.5001389274798429
2014-04-07,357.3,363.7,351.5,351.7,1025,735.4,-1.8420318169132077,1.5071169411107948,-1.8978509628802709
2014-04-14,353.6,361.2,351.4,360,146,688.8333333333334,2.3599658800113765,2.701165766278078,-0.08529997156667934
2014-04-21,360.6,368,356.7,356.7,261,682.8333333333334,-0.9166666666666696,2.2222222222222223,-0.9166666666666698
2014-04-28,360,364.9,358.6,363.7,160,664.6,1.9624334174376226,2.2988505747126404,0.5326604990187929
2014-05-05,361.8,365.3,357,363,1297,695.1666666666666,-0.19246631839427808,0.4399230134726486,-1.8421776189166863
2014-05-12,365,368,362.7,366.1,212,625.4333333333333,0.8539944903581329,1.3774104683195594,-0.08264462809917661
2014-05-19,367,372.8,366.2,372.8,361,573.3333333333334,1.8301010652827063,1.8301010652827063,0.027314941272866947
2014-05-27,374.7,377.7,374.5,377.7,407,565.2666666666667,1.3143776824034274,1.3143776824034274,0.456008583690984
2014-06-02,377.3,381.2,375.4,381,353,566.2666666666667,0.8737092930897568,0.9266613714588299,-0.608948901244377
2014-06-09,381.1,383.1,377.7,380.5,265,556.2,-0.13123359580052485,0.5511811023622107,-0.8661417322834675
2014-06-16,380.7,382.6,378.7,380.7,1902,601.2,0.0525624178712191,0.5519053876478378,-0.4730617608410017
2014-06-23,380.8,383,378.4,382.5,83,599.4,0.4728132387706886,0.6041502495403235,-0.6041502495403235
2014-06-30,383.2,389.3,383.2,389.3,20,571.8,1.7777777777777808,1.7777777777777808,0.18300653594770944
2014-07-07,388.9,389.3,385,388.6,320,554.6666666666666,-0.17980991523246548,0,-1.1045466221423093
2014-07-14,391.3,395.6,389.2,394,63,492.4,1.3896037056098758,1.8013381369016983,0.15440041173442243
2014-07-21,393.6,398.5,393,396.6,702,510.1333333333333,0.6598984771573663,1.1421319796954315,-0.25380710659898476
2014-07-28,397.3,399.4,388,388,455,518.9666666666667,-2.1684316691881045,0.7060010085728579,-2.1684316691881045
2014-08-04,388.6,390.7,383.4,386.1,149,515.3,-0.4896907216494786,0.6958762886597909,-1.1855670103092841
2014-08-11,387.7,394.4,386.7,392.5,913,527.5,1.6576016576016517,2.149702149702138,0.1554001554001465
2014-08-18,394.3,401.4,394.3,400.9,108,519.2666666666667,2.140127388535026,2.267515923566873,0.4585987261146526
2014-08-25,402.2,402.6,400.6,402.5,381,502.93333333333334,0.39910202045398435,0.4240458967323635,-0.07483162883510963
2014-09-02,402.7,403.5,399.3,402.4,192,496.1333333333333,-0.024844720496900063,0.2484472049689441,-0.7950310559006184
2014-09-08,403.1,405.1,399.5,401.5,464,505.1666666666667,-0.2236580516898552,0.6709741550695938,-0.7206759443339904
2014-09-15,402,404.2,399,404.1,2927,596.2,0.6475716064757218,0.6724782067247793,-0.62266500622665
2014-09-22,401.8,401.9,394.1,397.7,595,598.6666666666666,-1.5837663944568257,-0.5444196980945423,-2.4746349913387773
2014-09-29,391.2,400.3,388.4,395.9,411,600.9333333333333,-0.45260246416897454,0.6537591149107426,-2.3384460648730228
2014-10-06,398,398.1,380.9,380.9,511,580.8,-3.7888355645364995,0.5556958827986981,-3.7888355645364995
2014-10-13,379.9,381.8,365.8,376.4,664,537.3,-1.181412444211079,0.23628248884222475,-3.9642950905749452
2014-10-20,373.1,391.6,373.1,391.6,209,535.9,4.038257173219991,4.038257173219991,-0.8767268862911677
2014-10-27,391.1,405.1,391.1,405.1,464,534,3.447395301327885,3.447395301327885,-0.12768130745658834
2014-11-03,406.3,408.1,405.1,407.8,539,517.8,0.6665020982473435,0.7405578869414957,0
2014-11-10,407.6,415.2,407.4,414.9,291,522.6333333333333,1.7410495340853274,1.8146150073565417,-0.09808729769495686
2014-11-17,415.2,418.5,412.6,416.2,255,522.4333333333333,0.3133285128946761,0.867678958785255,-0.554350445890565
2014-11-24,416.6,425.4,416.6,424.3,433,531.5333333333333,1.9461797212878478,2.2104757328207563,0.09610764055743248
2014-12-01,423.8,423.8,419.1,420.9,370,500.6333333333333,-0.8013198208814598,-0.11784115012962504,-1.2255479613481
2014-12-08,419.4,420.7,406.2,406.2,1147,531.8,-3.4925160370634334,-0.04751722499405764,-3.4925160370634334
2014-12-15,409.4,418.3,398.1,417.1,3001,619.8,2.683407188577064,2.9788281634662783,-1.9940915805022073
2014-12-22,419.3,424,419.3,423.9,58,608.1666666666666,1.6303044833373181,1.654279549268755,0.527451450491486
2014-12-29,423,423,411.2,413,81,599.1,-2.571361170087279,-0.21231422505307318,-2.995989620193439
2015-01-05,410.6,415.2,400.2,414.2,482,606.3333333333334,0.2905569007263895,0.5326876513317164,-3.0992736077481866
2015-01-12,410.1,415.8,398.4,402.4,971,575.3,-2.8488652824722385,0.38628681796234254,-3.8145823273780812
2015-01-20,406.1,420.2,404,415.1,141,577.2333333333333,3.1560636182902693,4.423459244532806,0.39761431411531367
2015-01-26,412.6,412.9,396.8,398.4,522,593.9666666666667,-4.023126957359683,-0.5299927728258362,-4.408576246687547
2015-02-02,399.1,414.2,394.6,411.1,263,592.0666666666667,3.187751004016076,3.965863453815264,-0.9538152610441655
2015-02-09,410.7,426.7,410,426.7,512,607.0333333333333,3.794697153977126,3.794697153977126,-0.26757479931890593
2015-02-17,427,430.7,425.9,430.7,424,597.7666666666667,0.9374267635340989,0.9374267635340989,-0.18748535270682246
2015-02-23,430.7,433.5,429,431,406,596.1333333333333,0.06965405154400073,0.6501044810773187,-0.3947062920826535
2015-03-02,432.1,434.6,424.2,424.3,783,617.2666666666667,-1.5545243619489533,0.835266821345713,-1.57772621809745
2015-03-09,424.2,427.4,412.7,414.6,1052,621.9,-2.2861183125147275,0.7306151308036686,-2.7339146830073116
2015-03-16,416.8,427.2,416.2,425.7,2643,706.4,2.6772793053545505,3.039073806078139,0.3859141341051533
2015-03-23,425.7,426.9,409.8,413.5,323,704.4666666666667,-2.865867982147049,0.2818886539816745,-3.7350246652572174
2015-03-30,416.7,418.5,411.7,414.5,262,706.8,0.2418379685610641,1.2091898428053205,-0.4353083434099183
2015-04-06,414.5,420.7,414.5,420.7,699,714.6333333333333,1.4957780458383567,1.4957780458383567,0
2015-04-13,421.6,423.3,414.5,414.5,652,638.8,-1.473734252436413,0.6180175897314055,-1.473734252436413
2015-04-20,421.5,431.7,421.5,431,324,629.7666666666667,3.9806996381182143,4.149577804583833,1.6887816646562124
2015-04-27,432.9,435.4,425,430.8,461,631.4333333333333,-0.046403712296980704,1.0208816705336377,-1.3921113689095126
2015-05-04,432.2,433.1,418.6,429.9,285,623.9,-0.20891364902507753,0.5338904363974029,-2.8319405756731633
2015-05-11,430.3,435.3,422.2,432.9,238,609.7,0.6978367062107467,1.2561060711793521,-1.7911142126075807
2015-05-18,434.3,437.1,432.8,436.1,814,629.8666666666667,0.7392007392007498,0.9702009702009807,-0.023100023100015132
2015-05-26,434.1,437.8,428.7,434,436,628.9333333333333,-0.4815409309791385,0.3898188488878672,-1.6968585186883818
2015-06-01,432.5,435.8,427.7,429.4,295,620.8,-1.0599078341013877,0.4147465437788045,-1.4516129032258092
2015-06-08,427.5,431.7,421.6,426.8,1829,672.0666666666667,-0.6054960409874164,0.5356311131811857,-1.8164881229622625
2015-06-15,421.9,430,421.9,426.2,3101,766.9333333333333,-0.14058106841612528,0.7497656982193038,-1.1480787253983211
2015-06-22,428.9,429.9,421.6,423.4,482,768.5666666666667,-0.6569685593618046,0.86813702487095,-1.0793054903800952
2015-06-29,419.6,419.6,413.6,417.1,802,782.9666666666667,-1.4879546528105703,-0.8974964572508158,-2.3145961265942265
2015-07-06,414.3,417,408.3,414,570,763.7333333333333,-0.743227043874376,-0.023975065931436723,-2.109805801965958
2015-07-13,417.7,434,417.5,434,283,673.1333333333333,4.830917874396135,4.830917874396135,0.8454106280193234
2015-07-20,435.3,436.4,423.6,423.6,607,691.4333333333333,-2.3963133640552936,0.5529953917050641,-2.396313364055294
2015-07-27,421.3,427.5,419.1,425.5,610,709.0666666666667,0.44853635505193035,0.920679886685547,-1.0623229461756374
2015-08-03,425.9,427.2,419.2,420.5,1034,727.4666666666667,-1.1750881316098707,0.39952996474735336,-1.4806110458284398
2015-08-10,424,427.5,415.2,423.7,185,701.2666666666667,0.7609988109393551,1.6646848989298455,-1.2604042806183142
2015-08-17,421.9,426.1,397,397,986,729.4333333333333,-6.301628510738727,0.5664385178192197,-6.301628510738727
2015-08-24,382.7,405.5,376.5,405.5,544,730.1666666666666,2.141057934508815,2.141057934508816,-5.163727959697733
2015-08-31,403.8,404.1,389.6,392.8,357,733.3,-3.1319358816276175,-0.34525277435264545,-3.9210850801479595
2015-09-08,400.8,407.1,397.4,404,354,728.0333333333333,2.8513238289205667,3.640529531568231,1.1710794297352254
2015-09-14,403.8,409.3,399.6,400.2,4123,851.3333333333334,-0.9405940594059432,1.3118811881188148,-1.0891089108910834
2015-09-21,402.9,404.9,393.2,398,276,847,-0.5497251374312815,1.1744127936031956,-1.7491254372813594
2015-09-28,395.8,399.8,387,399.8,391,833.9333333333333,0.45226130653266616,0.45226130653266616,-2.763819095477387
2015-10-05,402.6,415,402.4,414.4,1845,860.3666666666667,3.651825912956469,3.8019009504752344,0.6503251625812818
2015-10-12,413.9,420.7,412.5,420.3,986,805.1333333333333,1.423745173745182,1.5202702702702728,-0.4584942084942032
2015-10-19,418.8,440,416.5,438.4,934,825.5,4.306447775398517,4.687128241732093,-0.9041161075422345
2015-10-26,437.3,440.6,433.9,437.1,1655,871.9333333333333,-0.2965328467153183,0.5018248175182585,-1.0264598540145986
2015-11-02,436.8,445.7,436.6,443.2,971,881,1.3955616563715318,1.967513154884458,-0.11439029970258519
2015-11-09,441.4,441.6,423.8,423.8,1042,894,-4.377256317689525,-0.361010830324902,-4.377256317689525
2015-11-16,423.2,441.7,423.2,441.5,846,911.4,4.176498348277487,4.223690420009433,-0.14157621519585284
2015-11-23,440.9,441.6,435.6,438.8,167,901.6,-0.6115515288788194,0.022650056625146853,-1.336353340883347
2015-11-30,439.7,445.6,433.2,445.5,703,915.5333333333333,1.5268915223336346,1.549680948040112,-1.2762078395624483
2015-12-07,444.8,444.8,427.7,428.1,1634,962.0666666666667,-3.9057239057239,-0.15712682379348797,-3.995510662177331
2015-12-14,428.4,438.2,422.4,422.4,3121,1038.9666666666667,-1.3314646110721902,2.359261854706836,-1.3314646110721897
2015-12-21,426.4,433.6,424.3,432.8,119,1028.4,2.4621212121212204,2.6515151515151625,0.4498106060606142
2015-12-28,431,439.4,428.6,429,637,1039.8,-0.8780036968576734,1.5249537892791047,-0.9704251386321601
2016-01-04,418.7,424.8,400.3,401,974,1011.3,-6.526806526806526,-0.9790209790209761,-6.689976689976687
2016-01-11,404.1,410.4,388.6,393,1216,948.4666666666667,-1.9950124688279303,2.3441396508728123,-3.092269326683286
2016-01-19,397.8,403.7,380.2,403.7,1052,967.4666666666667,2.7226463104325678,2.7226463104325673,-3.256997455470741
2016-01-25,402.5,412.6,393.1,412.2,1586,993.6,2.1055239038890265,2.2046073817191068,-2.625712162496895
2016-02-01,411.1,417,394.6,394.6,510,991.6,-4.269771955361467,1.1644832605531323,-4.269771955361467
2016-02-08,387.4,394.7,382.4,392.5,922,1012.9,-0.5321844906234219,0.025342118601106467,-3.091738469336048
2016-02-16,396.8,409.5,395.9,406.5,627,1013.5666666666667,3.56687898089172,4.331210191082802,0.8662420382165545
2016-02-22,410.2,416,399.4,412.5,515,1010.4,1.4760147601476015,2.337023370233702,-1.746617466174667
2016-02-29,412.1,426,409.9,423.7,426,990.1333333333333,2.7151515151515127,3.272727272727273,-0.6303030303030357
2016-03-07,421.5,428.4,417.5,428.4,1190,1023.6333333333333,1.109275430729287,1.1092754307292867,-1.4632995043662942
2016-03-14,427.3,437,427.2,436.3,3206,1097.6333333333334,1.8440709617180286,2.0074696545284834,-0.2801120448179244
2016-03-21,436.2,438.7,433.1,436.2,465,1095,-0.022920009168008848,0.5500802200320827,-0.7334402933761147
2016-03-28,435.7,447.5,434.6,447.2,1184,1122.5666666666666,2.5217790004585057,2.5905547913801037,-0.36680421824850207
2016-04-04,446.7,447.2,437.8,439.1,335,1121.9333333333334,-1.811270125223606,0,-2.1019677996422135
2016-04-11,441.6,446.2,436.2,443.8,426,998.7,1.0703712138465016,1.6169437485766263,-0.6604418127989145
2016-04-18,442.1,446,433.2,435.1,435,1004,-1.9603424966200964,0.49571879224875803,-2.3884632717440337
2016-04-25,434.6,436.1,419.7,421.6,599,1010.9333333333333,-3.102735003447483,0.22983222247759133,-3.5394162261549145
2016-05-02,421.9,424.7,418.2,422.4,686,972.3,0.18975332068310102,0.7352941176470507,-0.806451612903234
2016-05-09,422.4,429.2,422.2,422.3,694,962.5666666666667,-0.023674242424234354,1.6098484848484875,-0.0473484848484822
2016-05-16,423.3,428.1,420.4,427.1,260,940.1,1.136632725550559,1.3734312100402584,-0.4499171205304367
2016-05-23,427.1,441.5,426,441.5,1985,951.1,3.371575743385619,3.371575743385619,-0.2575509248419627
2016-05-31,441.2,442.6,437.2,439.2,1277,961.3,-0.5209513023782586,0.24915062287656253,-0.97395243488109
2016-06-06,441.1,443.5,439.6,439.7,713,950.3333333333334,0.11384335154826963,0.979052823315121,0.09107468123862339
2016-06-13,436.2,437.6,428.6,431.5,7040,1156.8,-1.8649078917443687,-0.4775983625198923,-2.524448487605177
2016-06-20,435.6,440.7,423.7,423.7,1289,1194.2,-1.8076477404403273,2.1320973348783285,-1.8076477404403273
2016-06-27,418.9,436.3,412.9,435.2,2613,1257.8666666666666,2.71418456455039,2.9738022185508672,-2.5489733301864557
2016-07-05,420.2,442,420.2,441.2,690,1226.4,1.3786764705882353,1.5625000000000027,-3.4466911764705883
2016-07-11,443.7,452.6,443,443,840,1150.3666666666666,0.407978241160474,2.583862194016327,0.4079782411604742
2016-07-18,451.1,459.5,450.8,459.2,1263,1188.5,3.6568848758464982,3.724604966139955,1.7607223476297993
2016-07-25,458.8,466,457.2,465.4,937,1198.5,1.350174216027872,1.4808362369338006,-0.4355400696864111
2016-08-01,464.8,471.4,461,471.3,987,1198.9333333333334,1.2677266867211074,1.289213579716373,-0.9454232917920021
2016-08-08,471.6,473.4,470.3,472,258,1167,0.14852535539995526,0.44557606619986545,-0.21217907914279655
2016-08-15,472.7,474.5,467.8,470.9,543,1150.0333333333333,-0.23305084745763194,0.5296610169491525,-0.8898305084745739
2016-08-22,469.2,474.3,468.8,470.6,244,1105.3,-0.06370779358673911,0.7220216606498268,-0.4459545551072342
2016-08-29,471.6,474.8,469.3,473.9,552,1106.7,0.7012324691882605,0.8924776880577961,-0.27624309392265434
2016-09-06,474.3,477.4,461.4,461.4,1169,1114.9333333333334,-2.6376872757965817,0.7385524372230429,-2.6376872757965817
2016-09-12,459.5,475.8,459,473.3,6359,1306,2.579107065452977,3.120936280884273,-0.5201560468140394
2016-09-19,475.4,480.5,471.1,476.2,468,1304.4333333333334,0.6127192055778528,1.5212338897105406,-0.4648214663004413
2016-09-26,473,479.8,472.3,478.6,695,1313.4,0.5039899202016032,0.7559848803023987,-0.8189836203275886
2016-10-03,477.9,478.7,474.3,476.9,412,1287.4666666666667,-0.35520267446720544,0.020894274968651483,-0.8984538236523216
2016-10-10,479.4,481.1,468.8,474.7,553,1199.0333333333333,-0.46131264416019896,0.8806877752149392,-1.698469280771643
2016-10-17,473.9,477.9,473,475.9,580,1202.8666666666666,0.25279123657046315,0.6741099641879058,-0.35812091847482375
2016-10-24,478.5,481,474.7,474.9,594,1183.2,-0.21012817818869511,1.0716537087623499,-0.25215381382643176
2016-10-31,476.4,476.8,457.2,457.2,1337,1216.6,-3.7271004421983553,0.4000842282585879,-3.7271004421983553
2016-11-07,463.1,475.6,461.4,467.7,1180,1241.7333333333333,2.2965879265091864,4.024496937882772,0.9186351706036717
2016-11-14,468.3,476,458.7,473.4,786,1253.4333333333334,1.2187299550994204,1.774641864443021,-1.924310455420141
2016-11-21,475.2,480.6,475.2,480.2,949,1265.1,1.4364174059991575,1.5209125475285268,0.38022813688213164
2016-11-28,479.8,483.2,464,466.8,1079,1278.2,-2.7905039566847103,0.6247396917950854,-3.373594335693459
2016-12-05,469.2,486.6,468.2,486.6,1938,1319.6666666666667,4.241645244215941,4.241645244215941,0.2999143101970816
2016-12-12,484.7,493.5,484,487.7,4658,1466.2666666666667,0.22605836415946712,1.4180024660912407,-0.5343197698314884
2016-12-19,488.5,493.5,488.5,491.3,480,1416.1,0.7381587041213907,1.1892556899733466,0.16403526758253262
2016-12-27,492.6,495.3,483.5,484.6,262,1382.2666666666667,-1.3637288825564804,0.8141664970486464,-1.587624669244863
2017-01-03,488.5,495.3,486.3,494.9,1077,1394.4,2.1254643004539733,2.208006603384232,0.3508047874535676
2017-01-09,495.9,498.2,491.8,497.7,657,1181.6333333333334,0.565770862800568,0.666801374014955,-0.626389169529191
2017-01-17,496.1,500.4,495,499.3,881,1168.0333333333333,0.32147880249146527,0.5424954792043377,-0.5424954792043377
2017-01-23,498.7,509,497.3,508.6,676,1103.4666666666667,1.8626076507109977,1.9427198077308208,-0.4005607850991388
2017-01-30,506,508.5,499.9,507.8,760,1105.8,-0.15729453401494542,-0.019661816751872285,-1.7105780574125138
2017-02-06,506.9,514.7,506.1,514,1359,1123.1,1.2209531311539954,1.3588026782197782,-0.3347774714454488
2017-02-13,515.2,522.6,514.5,522.6,747,1105.9,1.6731517509727671,1.6731517509727671,0.09727626459143968
2017-02-21,523.4,527.4,523,527.4,1642,1129.4,0.918484500574044,0.918484500574044,0.07654037504783338
2017-02-27,525.7,532.1,523.6,529,2066,1165.3666666666666,0.30337504740235544,0.8911642017444151,-0.7205157375805754
2017-03-06,526.8,531.8,526.2,531.5,1322,1200.8333333333333,0.4725897920604915,0.5293005671077419,-0.5293005671077419
2017-03-13,532.4,536.9,529.8,535.4,5970,1381.7333333333333,0.7337723424270889,1.015992474129817,-0.31984948259643375
2017-03-20,536.2,538.4,528.6,530.7,1345,1418.4333333333334,-0.8778483376914329,0.5603287261860291,-1.2700784460216576
2017-03-27,525.9,536.4,525.7,535.4,936,1431.2333333333333,0.8856227623892842,1.0740531373657305,-0.942151874882231
2017-04-03,535.4,538.4,531.4,532.3,213,1399.3666666666666,-0.5790063503922344,0.5603287261860291,-0.7471049682480388
2017-04-10,532.6,533.4,525.7,525.7,1214,1227.8666666666666,-1.2399023107270166,0.20665038512117656,-1.2399023107270166
2017-04-17,527.2,534.9,527.2,533.3,459,1227.5666666666666,1.4456914590070207,1.7500475556400859,0.2853338405934944
2017-04-24,538.5,545.9,538.3,545.1,1140,1242.4,2.212638289893131,2.3626476654790967,0.9375585974123383
2017-05-01,546.7,551.2,546.7,551.2,325,1239.5,1.1190607228031595,1.1190607228031595,0.29352412401394656
2017-05-08,551.2,556.8,551,556.7,1880,1283.7333333333333,0.9978229317851959,1.0159651669085465,-0.03628447024674264
2017-05-15,557.7,562.4,544.9,553.1,1270,1306.7333333333333,-0.6466678641997525,1.0238907849829229,-2.1196335548769656
2017-05-22,554.7,565.9,554.6,564.5,254,1295.4,2.061110106671484,2.3142288917013114,0.2711986982462484
2017-05-30,564.6,572.2,564.2,572.2,1131,1288.5333333333333,1.3640389725420805,1.3640389725420805,-0.053144375553579204
2017-06-05,572.9,576.8,553.5,559.3,1776,1308.4,-2.2544564837469574,0.8039147151345523,-3.268088081090535
2017-06-12,554,563.5,550.5,553.7,9125,1586.3666666666666,-1.0012515644555533,0.7509386733416853,-1.5733953155730298
2017-06-19,559.3,566.4,558.5,564.2,2196,1627.9333333333334,1.896333754740834,2.2936608271627112,0.8668954307386587
2017-06-26,568,569.8,546,550.2,1066,1627.5,-2.4813895781637716,0.9925558312654925,-3.225806451612911
2017-07-03,551.2,553,544.9,552.2,2014,1630.0333333333333,0.36350418029807363,0.5089058524172945,-0.963286077789907
2017-07-10,554.2,571,552.2,570.7,4142,1612.8333333333333,3.350235421948569,3.4045635639261054,0
2017-07-17,571.2,577.8,568.5,576.5,655,1618.6666666666667,1.0162957771158148,1.2440862099176289,-0.3854915016646303
2017-07-24,576.6,583.3,570.9,576.3,1367,1655.5,-0.034692107545541306,1.1795316565481275,-0.971379011274939
2017-07-31,577.6,582,573.1,578,2902,1716.3333333333333,0.29498525073747106,0.989068193649149,-0.5552663543293306
2017-08-07,579,585,568.6,572.6,868,1723.3666666666666,-0.9342560553633179,1.2110726643598615,-1.6262975778546673
2017-08-14,577.7,586.2,570.2,572.3,933,1725.1,-0.05239259517989314,2.3751309814879535,-0.4191407614390461
2017-08-21,572.2,581.6,568.5,578.2,823,1730,1.0309278350515623,1.6250218416914326,-0.6639874191857339
2017-08-28,579.3,591.5,575.1,589.4,1241,1746.0333333333333,1.937046004842603,2.3002421307505974,-0.5361466620546562
2017-09-05,587.2,588.1,580,581.2,1730,1758.4,-1.391245334238197,-0.2205632846962935,-1.5948422124194057
2017-09-11,586.6,591.5,586.6,590.5,8514,2017.3,1.6001376462491315,1.7721954576737704,0.9291121816930448
2017-09-18,591.5,594.2,586.1,588.5,1964,2028.0333333333333,-0.33869602032176127,0.6265876375952659,-0.7451312447078708
2017-09-25,585.3,593.7,578.8,593.5,1937,2023.7333333333333,0.8496176720475788,0.8836023789294896,-1.64825828377231
2017-10-02,595.2,602.4,591.9,602.2,1592,2032.7333333333333,1.4658803706824002,1.4995787700084207,-0.26958719460826
2017-10-09,602.6,608.2,602.1,607.1,730,1858.0666666666666,0.8136831617402817,0.9963467286615741,-0.016605778811030036
2017-10-16,609.2,614.9,605.5,612.6,540,1831.2333333333333,0.9059463020919123,1.2847965738757956,-0.2635480151540146
2017-10-23,614.1,629.1,604.9,627.3,1762,1858.7666666666667,2.3996082272281964,2.693437806072478,-1.2569376428338304
2017-10-30,627.9,637.2,627.6,636.9,2779,1944.3,1.5303682448589229,1.578192252510775,0.04782400765185213
2017-11-06,636.7,642.3,630.7,636.9,1094,1940.3,0,0.8478568064060256,-0.9734652221698747
2017-11-13,635.2,640.2,629.6,635.4,603,1945.1,-0.23551577955723035,0.5181347150259175,-1.1461767938451806
2017-11-20,636,646.8,636,646.5,895,1936.9333333333334,1.7469310670443852,1.7941454202077396,0.09442870632672684
2017-11-27,645.3,648.8,627.8,637,3953,2057.866666666667,-1.4694508894044858,0.3557617942768685,-2.892498066511995
2017-12-04,639.2,640.2,622.8,637.1,6911,2225.5666666666666,0.01569858712716221,0.502354788069081,-2.229199372056522
2017-12-11,638.5,650.9,638.4,650.2,9860,2511.9,2.0561921205462292,2.166064981949451,0.20404959974885495
2017-12-18,656.1,656.2,648.9,650,1233,2544.5333333333333,-0.03075976622578347,0.9227929867733005,-0.1999384804675589
2017-12-26,647,648.2,643.6,643.7,499,2523.4666666666667,-0.9692307692307621,-0.27692307692306994,-0.9846153846153812
2018-01-02,646.8,666.9,645.3,666.7,3144,2569.0666666666666,3.573093055771322,3.604163430169323,0.24856299518407787
2018-01-08,666.3,672.4,661.8,671.5,1027,2299.133333333333,0.7199640017999034,0.8549572521373827,-0.7349632518374217
2018-01-16,676.6,681.8,667.5,681.2,4099,2362.5666666666666,1.4445271779597983,1.533879374534617,-0.5956813104988831
2018-01-22,680.3,695.3,679.6,695.3,3778,2452.9666666666667,2.069876688197285,2.069876688197285,-0.23487962419260466
2018-01-29,695,695,665.7,667,5481,2568.5333333333333,-4.0701855314252775,-0.043146843089307385,-4.257155184812299
2018-02-05,660.8,672.6,612.4,637,3965,2562.633333333333,-4.497751124437781,0.8395802098950559,-8.185907046476764
2018-02-12,644.7,680.7,639,673.9,5240,2715.4666666666667,5.792778649921504,6.860282574568297,0.3139717425431705
2018-02-20,671.6,684.5,669.5,684.5,2691,2759.6,1.5729336696839331,1.5729336696839331,-0.6529158628876655
2018-02-26,688.2,698.4,663.5,679,4868,2825.133333333333,-0.8035062089116143,2.030679327976622,-3.0679327976625275
2018-03-05,676.1,706.8,674,706.7,4029,2930.5,4.079528718703983,4.094256259204706,-0.7363770250368189
2018-03-12,708.2,714.9,699.1,701.5,12335,3310.5666666666666,-0.7358143483798001,1.1603226262912028,-1.075420970708932
2018-03-19,694.5,694.8,647.6,647.6,3896,3413,-7.683535281539555,-0.9550962223806194,-7.683535281539555
2018-03-26,661.8,675.5,641.8,658.8,9915,3702.133333333333,1.729462631253849,4.308214947498453,-0.8956145768993311
2018-04-02,654.1,663.8,635.4,643.6,9459,3959.766666666667,-2.3072252580449195,0.7589556769884638,-3.5519125683060078
2018-04-09,649.7,673.3,648,666.4,3754,3801.1,3.542573026724666,4.6146674953387095,0.683654443753881
2018-04-16,670.5,685.9,662.5,664.9,3350,3847.3,-0.22509003601440591,2.9261704681872747,-0.5852340936374516
2018-04-23,666.6,669.7,643.7,661.9,4600,3936.0666666666666,-0.45119566852158216,0.7219130696345419,-3.188449390885837
2018-04-30,664.2,679.5,655,678.9,6385,4095.8333333333335,2.568363801178426,2.6590119353376678,-1.04245354283124
2018-05-07,681.8,704,679.9,701.7,4435,4219.333333333333,3.3583738400353615,3.697157166003833,0.14729709824716464
2018-05-14,704.4,706.9,690.4,691.4,5836,4395.866666666667,-1.4678637594413662,0.7410574319509666,-1.6103748040473234
2018-05-21,698.7,701.6,690.5,699.7,2675,4426.3,1.2004628290425323,1.475267573040215,-0.1301706682094268
2018-05-29,696.8,712.3,690.9,712.3,3725,4457.833333333333,1.8007717593254122,1.8007717593254122,-1.2576818636558622
2018-06-04,715,725,713.1,718.4,8281,4697.4,0.8563807384529023,1.7829566194019437,0.11231222799383245
2018-06-11,718.1,727.5,717.3,723,8867,4972.866666666667,0.6403118040089119,1.26670378619154,-0.15311804008909002
2018-06-18,717.5,724.7,710.9,713,3342,5054.433333333333,-1.3831258644536653,0.23513139695712937,-1.673582295988938
2018-06-25,706.8,707.7,691.3,699.8,2866,5018.2,-1.851332398316977,-0.7433380084151409,-3.0434782608695716
2018-07-02,694.1,716,692.5,715.1,6820,5015.166666666667,2.186338953986864,2.3149471277507923,-1.0431551871963354
2018-07-09,719.3,731.5,715.3,730.3,5390,4866.166666666667,2.1255768423996546,2.293385540483845,0.02796811634735441
2018-07-16,730,734.5,723.3,729.6,1159,4863.7,-0.09585102012870506,0.5751061207722916,-0.9585102012871423
2018-07-23,728.3,746.3,718,722,3456,4962.266666666666,-1.0416666666666696,2.2889254385964817,-1.5899122807017576
2018-07-30,722.5,730.5,707.2,730.5,4482,5006.866666666667,1.1772853185595569,1.1772853185595569,-2.049861495844869
2018-08-06,729.3,742.1,728.8,733.8,1515,5023.133333333333,0.45174537987679053,1.587953456536622,-0.23271731690623487
2018-08-13,735.5,740.1,724.8,734.1,4055,5021.666666666667,0.040883074407204734,0.8585445625511131,-1.2264922322158627
2018-08-20,735.5,745.4,730.6,745.4,2021,4963.1,1.5392998229124037,1.5392998229124035,-0.47677428143304723
2018-08-27,750.2,762.5,747.7,758.7,3861,4909.1,1.7842768983096415,2.2940702978266736,0.3085591628655847
2018-09-04,755,756.3,734.6,737.7,5506,4960.466666666666,-2.76789244760775,-0.3163305654408979,-3.176486094635564
2018-09-10,740,753.9,736.4,751,8159,5057.766666666666,1.802900908228271,2.1960146400975913,-0.17622339704487855
2018-09-17,749.7,759,740.8,752.9,14194,5441.2,0.25299600532622857,1.0652463382157125,-1.3581890812250392
2018-09-24,749.1,759.7,746.1,758.7,6136,5483.466666666666,0.7703546287687699,0.9031743923495906,-0.9031743923495755
2018-10-01,763.8,768.1,734.3,741.3,8068,5618.1,-2.2933965994464334,1.2389613813101326,-3.216027415315683
2018-10-08,738,739.8,685.5,712.9,28439,6154.9,-3.8311075138270576,-0.20234722784297854,-7.527316875758796
2018-10-15,708.9,724,700.2,704.4,19628,6679.3,-1.192313087389536,1.5570206200028087,-1.781456024687885
2018-10-22,709.6,714.3,674.6,683.6,22656,7104,-2.9528676888131677,1.4054514480408826,-4.230550823395792
2018-10-29,695.9,704.5,659.3,689.4,23719,7579.333333333333,0.8484493856056106,3.0573434757167903,-3.554710356933889
2018-11-05,692.6,714.4,680.1,701.7,7094,7690.666666666667,1.7841601392515332,3.626341746446185,-1.3489991296779742
2018-11-12,697.3,697.3,665.6,684.5,18641,8200.366666666667,-2.451189967222466,-0.6270485962662233,-5.1446487102750496
2018-11-19,680.7,681.1,635.8,642.5,9716,8370.9,-6.135865595325055,-0.49671292914535825,-7.114682249817392
2018-11-26,652.3,681.8,647.6,681.3,10168,8497,6.038910505836568,6.116731517509721,0.7937743190661513
2018-12-03,695.1,696.6,644.4,647.2,12520,8766.5,-5.005137237633922,2.2457067371202215,-5.416116248348742
2018-12-10,645,672.4,640.1,646.8,17655,9160.466666666667,-0.06180469715699832,3.8936959208899764,-1.0970333745364682
2018-12-17,644.6,648.5,593.9,597,30702,10094.7,-7.699443413729122,0.2628324056895557,-8.17872603586889
2018-12-24,593,628.1,580.5,618.5,16080,10506.533333333333,3.601340033500837,5.209380234505867,-2.7638190954773876
2018-12-31,624,627.5,591.8,618.1,16141,10768.533333333333,-0.06467259498787037,1.4551333872271623,-4.316895715440589
2019-01-07,618.5,640.7,617.2,639,4839,10634.266666666666,3.3813298818961295,3.6563662837728557,-0.14560750687590662
2019-01-14,633.3,658.3,631.3,656.7,2621,10610.233333333334,2.7699530516431996,3.0203442879499147,-1.2050078247261418
2019-01-22,652,664.4,640.8,662.2,2351,10593.066666666668,0.8375209380234505,1.1725293132328203,-2.4211968935587165
2019-01-28,650.8,672.9,646.3,669.7,2943,10463.833333333334,1.1325883418906673,1.615826034430675,-2.401087284808229
2019-02-04,671.9,689.5,670.5,682,3084,10386.966666666667,1.8366432731073548,2.9565477079289164,0.11945647304762641
2019-02-11,685.8,699.5,681.1,698.6,1359,10393.633333333333,2.434017595307921,2.565982404692082,-0.13196480938416089
2019-02-19,696.9,709.2,696.5,708.4,1526,10329.3,1.4028056112224383,1.5173203549957088,-0.30060120240481286
2019-02-25,714.2,717.3,706.4,715.5,2638,10267.833333333334,1.0022586109542664,1.256352343308862,-0.28232636928289107
2019-03-04,719.3,720,691.8,700.3,5190,10390.333333333334,-2.1243885394828856,0.628930817610063,-3.312368972746338
2019-03-11,703.9,739.5,703.9,735.3,7716,10512.366666666667,4.9978580608310725,5.597601028130808,0.514065400542628
2019-03-18,738.6,758.2,734.7,739,3339,10556.3,0.5031959744322112,3.114375084999333,-0.08159934720521
2019-03-25,734.4,746.5,730.7,745.3,1227,10468.5,0.8525033829499262,1.0148849797023005,-1.1231393775372065
2019-04-01,752.8,768.3,749.3,764.4,2099,10354.933333333332,2.5627264188917245,3.086005635314639,0.5366966322286326
2019-04-08,762.9,773.1,760.7,773.1,1465,10131.8,1.1381475667190013,1.1381475667190013,-0.4840397697540464
2019-04-15,774,783.5,769,783.5,899,9688.633333333333,1.3452334756176403,1.3452334756176403,-0.5303324278877277
2019-04-22,779.9,798.3,779.9,790,984,9516.9,0.8296107211231653,1.8889597957881243,-0.45947670708360216
2019-04-29,790.9,801.1,781.1,792.5,2609,9334.933333333332,0.31645569620253167,1.4050632911392433,-1.1265822784810098
2019-05-06,775.2,787.4,748,765.2,2684,8476.433333333332,-3.444794952681382,-0.643533123028394,-5.615141955835963
2019-05-13,749.2,768.5,734.9,757.5,2089,7891.8,-1.0062728698379568,0.4312598013591158,-3.9597490852064903
2019-05-20,742.4,754.8,730.2,735,2594,7223.066666666667,-2.9702970297029703,-0.3564356435643624,-3.6039603960395983
2019-05-28,730.5,742.2,720.9,721.4,2656,6520.966666666666,-1.850340136054425,0.9795918367347,-1.9183673469387788
2019-06-03,720.6,766,703.5,764.2,2579,6370.466666666666,5.932908233989474,6.1824230662600534,-2.481286387579703
2019-06-10,770.9,779.9,760,762.6,1468,5798.033333333334,-0.20936927505888825,2.0544360115153015,-0.5495943470295792
2019-06-17,763.1,795.7,762.8,789.2,9066,5776.366666666667,3.4880671387359063,4.340414371885657,0.02622606871229105
2019-06-24,792.6,793.3,776,787.8,1084,5473.566666666667,-0.17739483020781677,0.5195134313228471,-1.6725798276735993
2019-07-01,806,807.1,796.1,805.7,1855,5118.066666666667,2.2721502919522836,2.4498603706524587,1.0535668951510622
2019-07-08,797.6,817.4,795.6,817.4,725,4553.733333333334,1.4521534069752924,1.4521534069752924,-1.2535683256795362
2019-07-15,816.5,822.3,809.4,811.5,351,3542.0333333333333,-0.7218008319060407,0.5994617078541691,-0.9787129924149743
2019-07-22,816.2,832.8,816,830.6,1163,3044.8,2.3536660505237244,2.624768946395558,0.5545286506469501
2019-07-29,830.9,831.6,787.3,793.7,1913,2570.5333333333333,-4.4425716349626745,0.12039489525644109,-5.213098964603908
2019-08-05,772.3,798.3,755.6,783.7,1809,2469.5333333333333,-1.2599218848431395,0.5795640670278328,-4.800302381252365
2019-08-12,784.1,799.9,765.4,785.7,1453,2430.6,0.25519969376036755,2.067117519458968,-2.335077197907371
2019-08-19,796.8,806.3,771.5,774.3,2258,2427.5,-1.45093547155404,2.6218658521063904,-1.8073055873743213
2019-08-26,783.7,803.2,774.7,797.9,1487,2378.9666666666667,3.047914245124632,3.732403461190765,0.05165956347670031
2019-09-03,791.5,820.9,785.5,817.5,1951,2341.2,2.456448176463219,2.882566737686427,-1.5540794585787665
2019-09-09,820.2,825.2,798.5,813.9,2384,2375.366666666667,-0.4403669724770669,0.9418960244648373,-2.324159021406728
2019-09-16,809.3,824.8,806.7,808.4,9436,2639.0333333333333,-0.6757586927140927,1.3392308637424717,-0.8846295613711674
2019-09-23,807.5,818.7,794.4,802.2,2057,2619.6666666666665,-0.766947055912906,1.2741217219198502,-1.7318159327065807
2019-09-30,805.7,819.3,777.4,810.8,3957,2578.5666666666666,1.07205185739216,2.1316379955123295,-3.0914983794565027
2019-10-07,807.3,827.2,792.4,820.3,3266,2430.233333333333,1.1716822890971879,2.022693635915157,-2.269363591514551
2019-10-14,820.5,830,808.5,813.7,1591,2371.9666666666667,-0.8045836888942961,1.182494209435578,-1.438498110447392
2019-10-21,818,833.9,806.5,833.7,1943,2395.8333333333335,2.457908320019663,2.4824874032198516,-0.8848469952070843
2019-10-28,837.4,849.9,833,849.8,1724,2383.3333333333335,1.931150293870686,1.9431450161928667,-0.08396305625525313
2019-11-04,856.4,864.7,849.5,864.5,2381,2413.866666666667,1.7298187808896266,1.7533537302894906,-0.035302424099782834
2019-11-11,859.5,875.7,859.1,875.3,1820,2444.5666666666666,1.2492770387507177,1.2955465587044588,-0.6246385193753589
2019-11-18,874.9,882.6,865.7,869.1,1267,2454,-0.7083285730606572,0.8339997715069198,-1.0967668228035998
2019-11-25,875.7,888.9,875.1,880.6,1121,2404.4,1.3232079162351857,2.278218847083184,0.6903693476009665
2019-12-02,887.4,887.4,854.9,880.2,2055,2383.4333333333334,-0.04542357483533688,0.7722007722007671,-2.918464683170571
2019-12-09,879.6,899,874.5,897.3,2875,2409.633333333333,1.9427402862985583,2.1358782094978364,-0.6475800954328612
2019-12-16,904.9,917.5,902.5,916.7,10955,2688.3333333333335,2.162041680597358,2.25119803856013,0.579516326758057
2019-12-23,919.7,929.1,918.3,926.1,352,2611.5333333333333,1.0254172575542682,1.3526780844332909,0.1745391076688021
2019-12-30,924.6,939.9,914.1,930.8,1717,2582.8,0.5075045891372348,1.4901198574667913,-1.2957563977972142
2020-01-06,923.9,956.5,919.1,949.6,1991,2600.233333333333,2.0197679415556586,2.7610657498925706,-1.2569832402234564
2020-01-13,954.7,977.3,953,977.3,2289,2374.3333333333335,2.917017691659639,2.917017691659639,0.3580454928390877
2020-01-21,968.3,993.6,968.3,980.2,1288,2381.133333333333,0.29673590504451974,1.6678604318019103,-0.9209045328967564
2020-01-27,958.1,986.3,955.1,958.4,3338,2430.5666666666666,-2.2240359110385706,0.6223219751071118,-2.5607018975719265
2020-02-03,958.9,1012.3,958.9,997.6,2947,2504.633333333333,4.090150250417367,5.623956594323871,0.05217028380634403
2020-02-10,998,1025.9,997.5,1024.3,2610,2579.9333333333334,2.6764234161988707,2.836808340016045,-0.010024057738574857
2020-02-18,1028.5,1033.6,993,998.8,1463,2589.9333333333334,-2.4895050278238795,0.9079371277945869,-3.0557453870936206
2020-02-24,955.2,970.6,844.6,886.4,8601,2812.866666666667,-11.253504205046054,-2.8233880656788077,-15.438526231477766
2020-03-02,882.3,949.2,867.6,891.8,9722,3076.633333333333,0.6092057761732832,7.08483754512636,-2.1209386281588394
2020-03-09,845.6,877.5,755.4,843.3,8618,3315.4666666666667,-5.438439111908499,-1.603498542274048,-15.29490917246019
2020-03-16,790,791,716,719.5,9712,3563.9333333333334,-14.680422151073161,-6.201826159136719,-15.095458318510607
2020-03-23,709.2,826.9,694.4,789.8,2859,3609.6666666666665,9.770674079221676,14.927032661570532,-3.488533703961087
2020-03-30,800.7,831.8,764.9,775.6,1030,3578.9666666666667,-1.7979235249430143,5.317801975183592,-3.152696885287412
2020-04-06,808.9,871,806.6,858.2,344,3510.9666666666667,10.64981949458484,12.30015471892728,3.996905621454358
2020-04-13,852.8,899.4,848.7,897.8,1669,3252.0666666666666,4.614309018876708,4.800745746912134,-1.1069680727103242
2020-04-20,885.2,894.6,843.1,890.1,1404,3230.3,-0.8576520383158757,-0.3564268211182817,-6.092670973490748
2020-04-27,896.8,925,886,893,635,3119.5666666666666,0.32580608920345777,3.920907763172674,-0.4606224019773082
2020-05-04,887.1,953.2,886.9,952.7,967,3042.9333333333334,6.685330347144462,6.741321388577832,-0.6830907054871246
2020-05-11,949.2,962.5,906.6,939.1,1758,3048.5,-1.4275217802036346,1.0286554004408472,-4.838878975543196
2020-05-18,956.2,981,955.8,969.9,2071,3052.766666666667,3.279735917367687,4.461718666808644,1.7782983707805275
2020-05-26,986.3,987.8,950.3,985.4,1717,3052.5333333333333,1.5981028972058977,1.8455510877410015,-2.0208268893700407
2020-06-01,978.1,1021.4,976.8,1019.9,1578,3025.766666666667,3.501116297950071,3.6533387456870305,-0.8727420336919041
2020-06-08,1013.9,1053.5,984.5,999.6,2966,3063.9666666666667,-1.9903912148249785,3.2944406314344565,-3.470928522404155
2020-06-15,982,1046.1,978.5,1026.2,7178,3261,2.6610644257703107,4.651860744297707,-2.1108443377350965
2020-06-22,1026.2,1063.9,1019.4,1020.8,1673,3279.4,-0.5262132137984885,3.6737478074449466,-0.6626388618203145
2020-06-29,1021.8,1068,1010.7,1058.3,1527,3261.8,3.6735893416927903,4.623824451410663,-0.9894200626959159
2020-07-06,1071,1091.4,1065.4,1087.1,1496,3215.8333333333335,2.721345554190679,3.1276575640177775,0.6708872720400773
2020-07-13,1095.4,1103.1,1047.2,1074.1,1467,2899.5666666666666,-1.1958421488363538,1.471805721644743,-3.6703155183515657
2020-07-20,1077.1,1109.5,1041.2,1057.9,1549,2939.4666666666667,-1.5082394562889694,3.29578251559446,-3.063029513080706
2020-07-27,1064.4,1109.9,1061.3,1109.9,1806,2942.4333333333334,4.915398430853578,4.915398430853577,0.3213914358634904
2020-08-03,1121.9,1161.5,1121.9,1143.3,1365,2921.5666666666666,3.0092801153256925,4.649067483557069,1.0811784845481573
2020-08-10,1147.3,1153.8,1118.8,1145,1488,2894.866666666667,0.14869238170209442,0.9183941222776175,-2.142919618647774
2020-08-17,1151.7,1187.1,1149.1,1186.4,2775,2944.4333333333334,3.6157205240174752,3.6768558951964985,0.3580786026200795
2020-08-24,1202.6,1242.1,1186.8,1239.3,1535,2884.3333333333335,4.458867161159799,4.694875252865796,0.033715441672274415
2020-08-31,1241.8,1285.6,1137.6,1188.3,3699,2909.4,-4.1152263374485605,3.7359799887032965,-8.206245461147425
2020-09-08,1181,1188.3,1123.4,1136.2,4117,2959.633333333333,-4.384414710090037,0,-5.461583775140946
2020-09-14,1155.1,1178.6,1108,1122,11451,3292.5666666666666,-1.2497799683154414,3.7317373701812944,-2.4819574018658725
2020-09-21,1103.7,1153.2,1096,1146.3,3459,3121.1666666666665,2.165775401069515,2.7807486631016083,-2.3172905525846703
2020-09-28,1162.7,1190.7,1151.5,1155.2,4229,2938.0666666666666,0.7764110616767068,3.873331588589383,0.4536334292942552
2020-10-05,1163.3,1208.9,1158.9,1208.5,2702,2740.866666666667,4.613919667590024,4.648545706371195,0.3202908587257657
2020-10-12,1215.2,1253.9,1204.2,1216.5,3107,2520.7,0.6619776582540338,3.7567232105916504,-0.35581299131153943
2020-10-19,1226.1,1227.4,1179.3,1190.4,1377,2471.3,-2.145499383477181,0.8960131524866495,-3.0579531442663415
2020-10-26,1180.9,1186.1,1101.4,1113.4,3272,2546.0333333333333,-6.468413978494624,-0.3612231182795851,-7.476478494623655
2020-11-02,1123.2,1226.1,1107.1,1222.3,4518,2685.1666666666665,9.780851446021181,10.122148374348825,-0.5658343811747963
2020-11-09,1241.4,1259.2,1182.4,1219,2753,2721.3,-0.2699828192751337,3.0188987973492676,-3.2643377239630094
2020-11-16,1217.1,1232.1,1204.8,1208.3,1576,2727.0333333333333,-0.8777686628383959,1.0746513535684912,-1.1648892534864683
2020-11-23,1214.1,1237.7,1197.6,1232.9,1590,2758.866666666667,2.0359182322271074,2.4331705702226345,-0.8855416701150415
2020-11-30,1233.4,1266.9,1219.5,1266.8,3148,2831.5666666666666,2.7496147294995428,2.757725687403682,-1.0868683591532233
2020-12-07,1270.7,1279.4,1236.1,1248.8,5131,2944,-1.4209030628354906,0.9946321439848544,-2.42342911272498
2020-12-14,1261.8,1296.1,1253.3,1289.7,7163,3113.733333333333,3.275144138372845,3.7876361306854545,0.3603459320948108
2020-12-21,1268.2,1305.9,1262,1299,867,3085.4,0.7210979297511013,1.2561060711793477,-2.1477863068930794
2020-12-28,1311.9,1323.2,1298.7,1311,724,3056.9333333333334,0.9237875288683602,1.8629715165511966,-0.02309468822170535
2021-01-04,1314.8,1318.9,1270,1318.9,3590,3077.733333333333,0.6025934401220512,0.6025934401220512,-3.1273836765827614
2021-01-11,1304.2,1314.1,1280.6,1282.1,1648,2893.4,-2.790203957843671,-0.36393964667527345,-2.90393509742969
2021-01-19,1291.4,1345.7,1286.6,1337.2,937,2868.866666666667,4.297636689805798,4.960611496763134,0.35098666250682475
2021-01-25,1352,1355.8,1290.5,1297.5,4081,2954,-2.96889021836674,1.3909661980257182,-3.4923721208495397
2021-02-01,1310.5,1368.1,1304.1,1362,1766,2963,4.971098265895954,5.441233140655099,0.508670520231207
2021-02-08,1369.5,1395.2,1362.3,1394.6,1067,2949.6666666666665,2.393538913362695,2.4375917767988287,0.022026431718058348
2021-02-16,1398.6,1399.5,1354.5,1368.2,2140,2969.366666666667,-1.8930159185429414,0.35135522730532687,-2.8753764520292493
2021-02-22,1354.6,1356.3,1294.9,1316.8,4072,3044.9,-3.75676070749891,-0.8697558836427488,-5.357403888320418
2021-03-01,1337.2,1359.1,1255,1296.8,4174,3138.5333333333333,-1.5188335358444718,3.2123329283110538,-4.693195625759413
2021-03-08,1296.8,1337.9,1264.1,1321.2,5556,3274.133333333333,1.8815545959284465,3.1693399136335705,-2.5215916101172153
2021-03-15,1321,1356.2,1295.8,1301.8,8367,3460.5333333333333,-1.4683620950650988,2.649106872540115,-1.9224947017862617
2021-03-22,1308.4,1336.4,1286.6,1336.3,4002,3542.766666666667,2.65017667844523,2.6578583499769657,-1.1676140728222495
2021-03-29,1331.6,1363.4,1307.6,1363.4,1733,3477.233333333333,2.027987727306753,2.027987727306753,-2.1477213200628635
2021-04-05,1372.4,1427,1369.9,1426.8,1255,3381.8333333333335,4.650139357488621,4.664808566818242,0.4767493032125567
2021-04-12,1420.6,1443.7,1415,1441.7,1792,3059.866666666667,1.0442949257078844,1.1844687412391428,-0.8270255116344236
2021-04-19,1437.7,1442.1,1409.9,1435.3,1964,3010.0333333333333,-0.4439203717833178,0.027745023236447564,-2.205729347298325
2021-04-26,1437.8,1446.6,1403.2,1404.7,2188,2942,-2.131958475580012,0.7872918553612454,-2.236466243990797
2021-05-03,1409.6,1416,1361.9,1398.6,2985,2951.4333333333334,-0.4342564248594103,0.804442229657575,-3.046913931800381
2021-05-10,1390.2,1390.2,1317.9,1372.7,2626,2935.4,-1.8518518518518423,-0.6006006006005907,-5.770055770055758
2021-05-17,1359.6,1385.3,1324.6,1369.6,3275,2998.6666666666665,-0.22583230130400933,0.9178990311065717,-3.5040431266846457
2021-05-24,1382.2,1405.6,1382.2,1392,2209,2963.233333333333,1.6355140186915955,2.6285046728971966,0.9199766355140286
2021-06-01,1396.7,1409.5,1375.2,1408.2,1562,2864.7,1.1637931034482791,1.257183908045977,-1.2068965517241348
2021-06-07,1407.3,1428.1,1402.2,1427.9,4610,2926.6,1.3989490129243036,1.4131515409742839,-0.42607584149978694
2021-06-14,1431.3,1447,1410.3,1429.2,7495,3123.9,0.09104279011134908,1.3376286854821702,-1.2325793122767796
2021-06-21,1428.5,1471.3,1419.7,1461.5,2504,3154.366666666667,2.2600055975370807,2.9457038902882666,-0.6647075286873775
2021-06-28,1465.9,1509.6,1465.9,1508.9,1154,3087.9,3.2432432432432496,3.291139240506323,0.30106055422511735
2021-07-06,1513.5,1524.5,1492,1522.4,1357,2962.1,0.8946914971171052,1.033865730001982,-1.1200212075021598
2021-07-12,1530.4,1548.4,1511.7,1512.9,2238,2797.9333333333334,-0.6240147136100893,1.7078297425118234,-0.7028376248029456
2021-07-19,1495.6,1555.7,1484.3,1555.4,2220,2843.0333333333333,2.8091744332077466,2.8290038997950924,-1.8904091479939278
2021-07-26,1550,1557,1524.5,1544.1,1660,2874.233333333333,-0.726501221550738,0.1028674296000971,-1.9866272341519924
2021-08-02,1550.9,1560.2,1531.2,1558.4,3195,2861.0666666666666,0.926105822161789,1.0426785829933383,-0.8354381192927831
2021-08-09,1560.1,1562.2,1535,1559.6,1525,2856.9666666666667,0.07700205338807864,0.24383983572894985,-1.5015400410677675
2021-08-16,1556.6,1568,1520.1,1567.1,1352,2870.8,0.48089253654783276,0.5385996409335786,-2.532700692485253
2021-08-23,1570.9,1591.1,1570.9,1589.5,985,2767.6,1.4293918703337434,1.5314912896432902,0.24248612086019916
2021-08-30,1591.1,1610.3,1591.1,1603.8,1551,2760.4333333333334,0.8996539792387515,1.308587606165458,0.10066058508964512
2021-09-07,1606.3,1606.6,1574.8,1577.9,3440,2839.5333333333333,-1.614914577877532,0.17458535977054224,-1.8082055119092155
2021-09-13,1591.4,1591.4,1561.6,1563.2,10946,3133.0666666666666,-0.9316179732555958,0.8555675264592179,-1.0330185689841043
2021-09-20,1535,1579.5,1514.5,1577.8,1338,3041.9333333333334,0.9339815762538324,1.042732855680652,-3.1154042988741075
2021-09-27,1565,1566.8,1493.1,1523.5,4815,3063.3,-3.4415008239320546,-0.6971732792495882,-5.368234250221831
2021-10-04,1515.9,1546.8,1479.7,1529,4246,3019.633333333333,0.36101083032490955,1.5293731539218873,-2.874958976042006
2021-10-11,1519,1569.2,1510.5,1569,2103,2810.8333333333335,2.6160889470241986,2.629169391759323,-1.209941137998692
2021-10-18,1564.5,1605.1,1556.4,1594,1212,2717.8333333333335,1.5933715742511154,2.300828553218605,-0.8030592734225563
2021-10-25,1593.4,1628.5,1593.4,1628.5,1109,2697.0333333333333,2.164366373902133,2.164366373902133,-0.037641154328727056
2021-11-01,1625,1690.1,1615.3,1680.7,1287,2698.1,3.205403745778326,3.7826220448265215,-0.8105618667485444
2021-11-08,1688.2,1693.5,1650.8,1683.8,2606,2725.233333333333,0.18444695662521005,0.7615874338073394,-1.7790206461593436
2021-11-15,1690.6,1730.1,1672.6,1725,942,2691.1666666666665,2.4468464188145886,2.7497327473571658,-0.6651621332699873
2021-11-22,1731.3,1752.9,1663.8,1679.9,3142,2722.9666666666667,-2.6144927536231832,1.6173913043478312,-3.5478260869565243
2021-11-29,1693.7,1728.1,1641.3,1661.8,6199,2830.1,-1.0774450860170328,2.8692184058574806,-2.297755818798746
2021-12-06,1668,1761.2,1648.9,1760.7,3341,2853.9333333333334,5.951378023829588,5.9814658803706875,-0.7762666987603721
2021-12-13,1759.2,1763.8,1672.3,1681.3,15381,3257.4666666666667,-4.509570057363553,0.17606633725222398,-5.020730391321639
2021-12-20,1658.1,1748.4,1655.4,1741.8,1436,3231.7,3.598405995360733,3.990959376672821,-1.5404746327246692
2021-12-27,1748.5,1786.3,1748.5,1750.8,1254,3221.4333333333334,0.5167068549776093,2.554828338500402,0.3846595475944452
2022-01-03,1753.6,1771.1,1659.4,1668.3,8721,3358.4666666666667,-4.712131596984236,1.15946995659127,-5.220470641992224
2022-01-10,1647.3,1714.2,1624.1,1667.6,7459,3357.266666666667,-0.04195888029731165,2.7513037223521004,-2.6494035844872053
2022-01-18,1646.8,1653.2,1548.9,1548.9,6682,3496.5333333333333,-7.118013912209152,-0.8635164307987444,-7.118013912209152
2022-01-24,1535.9,1589.8,1472.5,1589.1,14740,3949.4,2.5953902769707415,2.6405836400025735,-4.932532765188204
2022-01-31,1588.6,1649.7,1583,1605.8,4436,4052.0333333333333,1.0509093197407366,3.8134793279214736,-0.3838650808633757
2022-02-07,1609.1,1651.2,1552.4,1557.7,3987,4110.333333333333,-2.9953917050691183,2.8272512143479944,-3.3254452609291234
2022-02-14,1554.3,1602.2,1522.5,1531.1,3956,4168.2,-1.707645888168462,2.856776015920909,-2.2597419272003627
2022-02-22,1517.4,1552.2,1424.3,1551.9,5553,4297.966666666666,1.3585004245313945,1.3780941806544404,-6.975377179805366
2022-02-28,1539.3,1567.8,1494.7,1507.1,4454,4339.933333333333,-2.8867839422643327,1.0245505509375517,-3.6858044977124838
2022-03-07,1507.8,1510.1,1422.9,1447.5,7211,4529.466666666666,-3.9546148231703215,0.1990577931126004,-5.586888726693638
2022-03-14,1443.6,1560.5,1420.2,1559.2,11156,4856.266666666666,7.716753022452507,7.806563039723661,-1.8860103626942974
2022-03-21,1554.7,1598.7,1536.1,1593.6,2080,4892.766666666666,2.206259620318103,2.533350436121088,-1.4815289892252523
2022-03-28,1593.2,1647.7,1580,1597,2841,4935.766666666666,0.21335341365462424,3.3948293172690853,-0.8534136546184682
2022-04-04,1601.8,1627.3,1532.3,1533.9,2506,4904.633333333333,-3.9511584220413223,1.8973074514715063,-4.051346274264248
2022-04-11,1518.6,1525.6,1477,1477,1539,4591.066666666667,-3.709498663537394,-0.5411043744703161,-3.709498663537394
2022-04-18,1471,1535.2,1440.2,1440.2,2304,4623.266666666666,-2.4915368991198346,3.9404197698036594,-2.4915368991198346
2022-04-25,1434.2,1493.9,1406,1423.2,4828,4623.7,-1.1803916122760727,3.72864879877795,-2.3746701846965728
2022-05-02,1427,1501.2,1395.2,1415.2,6590,4701.833333333333,-0.5621135469364811,5.480607082630691,-1.967397414277684
2022-05-09,1393.2,1399.8,1293.2,1368.1,5878,4827.666666666667,-3.328151498021491,-1.088185415488983,-8.620689655172413
2022-05-16,1361,1396.3,1278.4,1315,3073,4889.7,-3.8812952269570875,2.0612528323952963,-6.556538264746717
2022-05-23,1322.9,1423.1,1306.8,1422.8,2182,4925.466666666666,8.197718631178704,8.220532319391628,-0.6235741444866951
2022-05-31,1436.7,1442.2,1397,1407.9,1322,4926.633333333333,-1.04723081248242,1.3635085746415587,-1.8133258363789677
2022-06-06,1426.3,1432.9,1318.3,1318.6,1858,4901.7,-6.342780026990566,1.7756942964699196,-6.3640883585482015
2022-06-13,1276.9,1316.9,1236.4,1256.1,10987,5236.533333333334,-4.739875625663583,-0.1289246170180356,-6.23388442287273
2022-06-21,1261.1,1348.3,1261.1,1347.8,2652,5220.2,7.300374174030734,7.340179921980738,0.3980574795000402
2022-06-27,1355.2,1355.2,1264.2,1286.6,2845,5108.4,-4.540733046446064,0.5490428847010014,-6.202700697432847
2022-07-05,1265.4,1345.9,1262.8,1341.3,1999,5063.666666666667,4.251515622571121,4.6090471008860705,-1.8498367791077222
2022-07-11,1329.9,1337,1273.4,1337,2772,4643.366666666667,-0.32058450756728174,-0.32058450756728174,-5.062253038097358
2022-07-18,1348.6,1409.5,1319.7,1384.8,3149,4700.466666666666,3.575168287210169,5.422587883320867,-1.2939416604338039
2022-07-25,1383,1458.8,1349,1455.3,3507,4775.566666666667,5.090987868284229,5.343731946851531,-2.585210860774116
2022-08-01,1442.3,1486.9,1429.9,1483.6,2791,4577.9,1.9446162303305128,2.1713735999450376,-1.7453446024874504
2022-08-08,1487.8,1518.3,1448,1517.9,2137,4400.5,2.311943920194135,2.3389053653275846,-2.3995686168778585
2022-08-15,1515,1529.9,1489.3,1493.1,1687,4234,-1.633836221094946,0.7905659134330323,-1.8841820936820697
2022-08-22,1471.2,1474.5,1407.9,1408.1,3060,3844.6666666666665,-5.692853794119616,-1.245730359654404,-5.706248744223416
2022-08-29,1391.8,1402.9,1326.8,1336.3,5662,3885.5333333333333,-5.099069668347416,-0.3692919536964576,-5.773737660677506
2022-09-06,1337.9,1384.1,1319.5,1380.5,4371,3898.3333333333335,3.3076404998877527,3.5770410835890107,-1.2572027239392316
2022-09-12,1389.8,1402.9,1284.9,1303.3,18728,4390.733333333334,-5.592176747555237,1.6226005070626652,-6.925027164070982
2022-09-19,1292.9,1330.4,1238.3,1254.5,8303,4482.4,-3.744341287500956,2.079337067444191,-4.987339829663163
2022-09-26,1254.2,1273.2,1201.6,1203.5,9716,4657.8,-4.065364687126345,1.4906337186129968,-4.216819449980079
2022-10-03,1217.4,1296,1207.5,1222.8,7801,4677.466666666666,1.6036560033236356,7.685916078105526,0.3323639385126711
2022-10-10,1222.2,1228.4,1143.4,1181.3,10904,4669.066666666667,-3.393850179914949,0.45796532548251,-6.493294079162566
2022-10-17,1212.4,1266.4,1207.4,1264,4718,4757,7.000761872513337,7.20392787606875,2.2094302886650405
2022-10-24,1265,1312.1,1247.7,1310.3,5127,4833.2,3.6629746835443004,3.8053797468354356,-1.289556962025313
2022-10-31,1298.5,1310.7,1194.1,1221.6,4873,4912.1,-6.769442112493326,0.03052736014653812,-8.868198122567355
2022-11-07,1221.6,1347.2,1218.8,1344.6,2059,4929.433333333333,10.06876227897839,10.2815979043877,-0.22920759659462675
2022-11-14,1333,1368,1310,1332.3,1481,4902,-0.9147701918786222,1.7402945113788562,-2.5732559869105986
2022-11-21,1324.6,1358.5,1314.7,1346.2,2154,4812.866666666667,1.0433085641372133,1.9665240561435144,-1.3210237934399092
2022-11-28,1336.4,1377.6,1300.8,1363.2,1387,4639.433333333333,1.2628138463824097,2.3324914574357347,-3.372455801515383
2022-12-05,1354.1,1360,1295.5,1317.1,3118,4547.433333333333,-3.381748826291089,-0.23474178403756207,-4.9662558685446045
2022-12-12,1320.8,1398.6,1287.5,1294.2,14607,4931.9,-1.7386682863867484,6.187836914433225,-2.2473616278186856
2022-12-19,1296.8,1303.1,1243.9,1266,2222,4933.233333333334,-2.1789522484932813,0.6876835110492863,-3.8865708545819775
2022-12-27,1260.4,1269.1,1232.4,1263.4,1596,4942.366666666667,-0.20537124802526918,0.24486571879936092,-2.65402843601895
2023-01-03,1274.3,1285.2,1227.5,1265.1,1653,4935.533333333334,0.13455754313755086,1.7255026119993628,-2.841538705081533
2023-01-09,1278.3,1324.7,1273.1,1323.4,2671,4658.333333333333,4.608331357204979,4.711090032408516,0.6323610781756384
2023-01-17,1323.1,1342.6,1291.1,1330.8,3036,4671.133333333333,0.5591657850989771,1.4508085235000614,-2.4406830890131617
2023-01-23,1334.3,1393.2,1325,1383.4,2542,4661.033333333334,3.952509768560275,4.688908926961234,-0.43582807333934115
2023-01-30,1370.9,1456.5,1355.8,1434.1,2241,4669.1,3.6648836200664894,5.284082694809881,-1.995084574237396
2023-02-06,1421.6,1459.2,1406.2,1418.4,2764,4668.833333333333,-1.0947632661599487,1.7502266229691195,-1.9454710271250168
2023-02-13,1424.6,1455.4,1399,1410.7,2927,4661.433333333333,-0.5428652002256095,2.6085730400451212,-1.3677382966723133
2023-02-21,1393.7,1402,1365,1372.5,2117,4615.1,-2.7078755227901072,-0.6167151059757598,-3.239526476217484
2023-02-27,1388.5,1411.9,1360.4,1411.5,2931,4619.766666666666,2.841530054644809,2.8706739526411726,-0.8816029143897932
2023-03-06,1421.3,1437.5,1361.3,1366.9,4211,4688.9,-3.1597591215019416,1.8420120439249024,-3.5565001771165456
2023-03-13,1358.9,1475.2,1350.2,1458,18100,5236,6.664715780232635,7.923037530177771,-1.2217426293071947
2023-03-20,1457,1501.1,1445.7,1484.6,3176,5239.866666666667,1.8244170096021888,2.956104252400543,-0.8436213991769517
2023-03-27,1487.3,1537.1,1453,1535.8,2051,5119.5,3.4487404014549408,3.5363060757106295,-2.128519466522963
2023-04-03,1526.8,1539.2,1489.3,1514.2,1142,5011.866666666667,-1.4064331293137067,0.22138299257716465,-3.02773798671702
2023-04-10,1503.3,1520.8,1488.4,1508.3,2031,4455.3,-0.3896446968696401,0.43587372870161856,-1.703870030379075
2023-04-17,1509.1,1527.1,1489.2,1497.6,2393,4258.3,-0.7094079427169692,1.2464363853344795,-1.2663263276536438
2023-04-24,1494.7,1528.1,1459.3,1528,1614,3988.233333333333,2.029914529914536,2.0365918803418803,-2.5574252136752107
2023-05-01,1536,1536,1487.3,1530.1,2899,3824.8333333333335,0.13743455497381607,0.5235602094240837,-2.663612565445029
2023-05-08,1526.8,1539.5,1515.5,1526.3,1693,3517.8,-0.24834978106005845,0.6143389320959475,-0.954186000914967
2023-05-15,1534.1,1594.3,1524.3,1590.6,2000,3427.2,4.212802201402081,4.455218502260369,-0.13103583830177556
2023-05-22,1587,1665.1,1550,1662.6,5778,3448.9,4.526593738211996,4.683767131899912,-2.552495913491758
2023-05-30,1689.7,1694.2,1646.3,1680.4,2573,3372.233333333333,1.0706122939973648,1.9006375556357593,-0.9803921568627425
2023-06-05,1679.3,1692,1643.7,1672,4175,3442.766666666667,-0.49988098071888176,0.6903118305165381,-2.184003808616999
2023-06-12,1664,1789.6,1664,1761.7,10657,3748.633333333333,5.364832535885171,7.033492822966501,-0.47846889952153115
2023-06-20,1766.5,1766.5,1712.7,1717.7,1218,3717.4333333333334,-2.4975875574728956,0.272464097178859,-2.781404325367543
2023-06-26,1717.8,1772.7,1704.4,1770.7,2068,3740.133333333333,3.08552133667113,3.201956104092682,-0.7742912033533185
2023-07-03,1764.1,1768.8,1731.8,1740,653,3657.9666666666667,-1.733777602078277,-0.10730219687129905,-2.1968712938386
2023-07-10,1736,1806.6,1728.8,1786.2,2656,3259.6,2.6551724137931068,3.8275862068965467,-0.643678160919543
2023-07-17,1793.4,1842.4,1783.1,1787.1,1257,3227.4333333333334,0.050386294927772024,3.146344194379131,-0.17355279364013754
2023-07-24,1798.5,1816.5,1774.2,1803.5,1275,3216.733333333333,0.9176878742096184,1.6451233842538242,-0.7218398522746272
2023-07-31,1808,1813.1,1730.7,1732,928,3192.5666666666666,-3.9645134460770723,0.5322983088439095,-4.036595508733017
2023-08-07,1743.5,1745.7,1682.7,1687.7,2806,3197.0666666666666,-2.55773672055427,0.790993071593536,-2.846420323325632
2023-08-14,1686.3,1715.8,1646.6,1665.2,3399,3209.1666666666665,-1.333175327368608,1.6649878532914564,-2.4352669313266655
2023-08-21,1677,1748.2,1675,1702.9,3361,3236.4666666666667,2.26399231323565,4.984386259908719,0.588517895748256
2023-08-28,1712,1782.7,1704,1775.5,2702,3251.8333333333335,4.26331552058253,4.686123671384106,0.06459568970579066
2023-09-05,1766.7,1786.8,1724.4,1740.5,4638,3314.3,-1.9712756969867637,0.6364404393128673,-2.8780625176006707
2023-09-11,1752.9,1758.1,1713.5,1720.3,11799,3610.0333333333333,-1.160586038494688,1.0112036771042752,-1.5512783682849756
2023-09-18,1712.5,1733.1,1671.2,1675.2,3534,3657.266666666667,-2.621635761204436,0.7440562692553598,-2.8541533453467367
2023-09-25,1669.6,1687.8,1636.6,1668.4,2375,3638.733333333333,-0.4059216809933117,0.7521489971346651,-2.304202483285586
2023-10-02,1668.1,1717.1,1649.4,1710.5,3326,3609.233333333333,2.52337568928314,2.918964277151751,-1.1388156317429872
2023-10-09,1701,1753.8,1692.6,1711.8,3754,3131.0333333333333,0.07600116924875522,2.5314235603624646,-1.046477638117515
2023-10-16,1715.3,1736,1661.7,1663,3084,3127.9666666666667,-2.8508003271410187,1.4137165556723943,-2.926743778478789
2023-10-23,1655,1685,1616.8,1632.8,2050,3127.9333333333334,-1.8159951894167197,1.32291040288635,-2.778111846061338
2023-10-30,1645.1,1745.3,1636.1,1739.6,3129,3194.1666666666665,6.540911317981379,6.890004899559039,0.20210681038706246
2023-11-06,1741,1816.4,1736.1,1815.6,4060,3261.8,4.368820418487009,4.414808001839514,-0.2011956771671649
2023-11-13,1810.1,1853.4,1797.2,1846.3,2811,3275.733333333333,1.6909010795329396,2.0819563780568506,-1.0134390834985605
2023-11-20,1856.7,1879.2,1850.8,1861.1,1197,3261.8333333333335,0.8016032064128231,1.7819422629041917,0.2437307046525483
2023-11-27,1857,1884.9,1851.9,1869.4,2261,3240.5666666666666,0.44597281177799053,1.2788136048573522,-0.49433130944064363
2023-12-04,1859.7,1880.8,1828.2,1879.4,4524,3334.9333333333334,0.5349309939017866,0.6098213330480295,-2.2039156948753638
2023-12-11,1877.5,1963.7,1873.1,1953.8,12997,3701.5,3.958710226668078,4.485474087474723,-0.33521336596787177
2023-12-18,1952.7,1969.6,1936.3,1958.1,3168,3614.5,0.22008393899068235,0.8086805200122815,-0.895690449380694
2023-12-26,1962,1973.9,1953.5,1962.4,1092,3565.133333333333,0.21960063326695173,0.8069046524692397,-0.23492160768091053
2024-01-02,1935.4,1935.5,1866.2,1872.7,3181,3532,-4.57093355075418,-1.3707704851202656,-4.902160619649411
2024-01-08,1886.3,1956,1886.3,1952.7,2635,3264.6,4.271906872430181,4.448123030917923,0.7262241683131254
2024-01-16,1952.1,2032.2,1927.1,2031.1,1839,3285.3,4.014953653915085,4.071285911814411,-1.3110052747477923
2024-01-22,2044.5,2090.3,2032.9,2045.4,4527,3367.266666666667,0.7040519915316912,2.914676776131174,0.0886219290039969
2024-01-29,2048.6,2065.5,2003.5,2048.9,1380,3391.5,0.17111567419575635,0.9826928718099106,-2.0484990710863444
2024-02-05,2055.4,2104.1,2030.9,2103.5,2446,3384.5,2.664844550734536,2.694128556786559,-0.8785201815608374
2024-02-12,2099.2,2108.9,2038,2046.7,1978,3408.5333333333333,-2.7002614689802686,0.2567149988115087,-3.1138578559543615
2024-02-20,2038,2096.3,1992.9,2073.7,2023,3433.4666666666667,1.3191967557531528,2.4234132994576703,-2.6286216836859313
2024-02-26,2084.5,2127.6,2057.4,2125.8,2032,3470.266666666667,2.5124174181415038,2.5992187876742103,-0.7860346241018337
2024-03-04,2123.9,2136.8,2059.4,2088.9,3483,3492.8333333333335,-1.7358171041490307,0.5174522532693575,-3.1235299651895794
2024-03-11,2078.5,2145.2,2070.4,2098.1,12873,3808.633333333333,0.44042318923834634,2.6951984297955733,-0.8856335870553877
2024-03-18,2118.6,2160.3,2086.4,2142.4,3196,3803.133333333333,2.1114341547114144,2.9645870072923253,-0.5576473952623716
2024-03-25,2120.8,2137.7,2113.4,2126.8,2182,3785.8,-0.7281553398058209,-0.21938013442869098,-1.3536221060492906
2024-04-01,2127.6,2140.3,2078.5,2102,2688,3720.8,-1.166071092721468,0.6347564416024073,-2.271017491066399
2024-04-08,2103.2,2126.9,2076.4,2089.5,1897,3390.733333333333,-0.5946717411988582,1.18458610846813,-1.2178877259752574
2024-04-15,2099.7,2102.3,1950.8,1955.5,3648,3394.5333333333333,-6.41301746829385,0.6125867432400183,-6.637951663077294
2024-04-22,1971.2,2042.5,1952.8,2028.5,4163,3454.133333333333,3.733060598312452,4.448990028125799,-0.13807210432114747
2024-04-29,2037.1,2059.1,1969.6,2052.6,4047,3478.1666666666665,1.1880700024648712,1.5085038205570571,-2.90362336701997
2024-05-06,2061.8,2092.9,2061.8,2081.7,2405,3433.2,1.4177141186787445,1.9633635389262487,0.448212023774738
2024-05-13,2093.1,2163.2,2086.9,2141.7,2092,3400.133333333333,2.8822596915982133,3.915069414420906,0.24979583993852492
2024-05-20,2144.4,2191.7,2144.4,2173.4,3078,3434.4,1.4801326049400139,2.334594014100948,0.12606807676146392
2024-05-28,2181.4,2188,2077.7,2121.3,3099,3433.4,-2.3971657311125383,0.6717585350142592,-4.403239164442821
2024-06-03,2137.3,2182.5,2101.5,2173,2107,3368.3,2.4371847452034037,2.885023334747552,-0.933389902418337
2024-06-10,2171.3,2294.4,2168.9,2292.8,7502,3524.6666666666665,5.513115508513584,5.586746433502075,-0.18867924528301472
2024-06-17,2297.2,2372.1,2291.4,2328,15589,4004.4,1.5352407536636345,3.4586531751570013,-0.0610607117934443
2024-06-24,2306.1,2348.5,2272.2,2308.2,1869,3991.3333333333335,-0.8505154639175334,0.8805841924398625,-2.396907216494853
2024-07-01,2308.7,2380.8,2283.5,2369.3,1795,3900.366666666667,2.6470843081188966,3.1453080322329248,-1.0700979117927312
2024-07-08,2379.7,2425.5,2355,2378.1,5018,3634.4,0.3714177183134142,2.372008610138008,-0.6035537922593247
2024-07-15,2394.3,2406.4,2241.1,2246.4,3082,3631.5333333333333,-5.538034565409353,1.1900256507295819,-5.760901560068963
2024-07-22,2277.6,2307.8,2137.9,2196.4,2746,3686.6666666666665,-2.2257834757834756,2.7332621082621125,-4.8299501424501425
2024-07-29,2214.6,2239.8,2046,2074.2,3192,3687.0333333333333,-5.563649608450203,1.9759606629029363,-6.847568748861778
2024-08-05,1933.4,2090.3,1933.3,2082.6,5058,3767.8,0.4049754122071203,0.7762028733969899,-6.792980426188404
2024-08-12,2093.3,2243.5,2080.6,2239.8,5341,3884.5333333333333,7.548256986459247,7.725919523672338,-0.09603380389897254
2024-08-19,2242.2,2297.6,2224.9,2263.5,2379,3812.9333333333334,1.0581301901955449,2.5805875524600284,-0.6652379676756893
2024-08-26,2263.6,2266.9,2191,2225,2067,3835.8333333333335,-1.7009056770488185,0.1502098519991204,-3.2030041970399825
2024-09-03,2197.5,2203.4,2047.6,2055.5,5411,3934.6666666666665,-7.617977528089888,-0.9707865168539285,-7.973033707865172
2024-09-09,2076.9,2224.3,2066,2220.2,5700,4058.733333333333,8.012648990513247,8.212113840914629,0.5108246168815374
2024-09-16,2203.4,2290.9,2195.5,2264.6,15969,4523.6,1.9998198360508104,3.1843978019998325,-1.112512386271499
2024-09-23,2264.7,2329,2249.2,2292.8,2811,4549.566666666667,1.2452530248167568,2.843769319085052,-0.6800317936942547
2024-09-30,2281.2,2301.1,2230.8,2292.7,2474,4515.933333333333,-0.004361479413833136,0.3620027913468129,-2.7041172365666433
2024-10-07,2279.4,2351.4,2270.9,2346,4234,4227.966666666666,2.324769921926121,2.560300082871735,-0.9508439830767099
2024-10-14,2355.9,2383.5,2309.4,2344.5,2382,4200.833333333333,-0.0639386189258313,1.5984654731457801,-1.5601023017902775
2024-10-21,2340.8,2362,2302.2,2335.2,2443,4209.533333333334,-0.3966730646193296,0.7464278097675411,-1.8042226487524071
2024-10-28,2349.5,2373.2,2253.2,2269.6,2620,4207.266666666666,-2.80918122644741,1.627269612881124,-3.511476533059267
2024-11-04,2265.4,2408.4,2258,2400.8,2065,4212.866666666667,5.7807543179415,6.115615086358838,-0.5111032781106761
2024-11-11,2401.8,2402.2,2307.5,2315.7,2439,4172.566666666667,-3.544651782739103,0.058313895368195645,-3.886204598467185
2024-11-18,2313.1,2370.5,2304,2357.5,4645,4188.633333333333,1.8050697413309233,2.3664550675821645,-0.5052467936261098
2024-11-25,2382.8,2382.8,2319.2,2359.4,1821,4114.433333333333,0.08059384941675884,1.0731707317073247,-1.6246023329798593
2024-12-02,2362.3,2439.2,2362.3,2428.4,4603,4187.7,2.9244723234720693,3.382215817580729,0.12291260489955458
2024-12-09,2422,2428.8,2371.4,2408.1,3708,4241.566666666667,-0.8359413605666357,0.016471750947129493,-2.347224509965409
2024-12-16,2413.7,2462.5,2346.4,2405.2,18531,4756.666666666667,-0.12042689257091033,2.259042398571492,-2.562185955732728
2024-12-23,2412.9,2459.8,2394.6,2417.7,1816,4713.9,0.5197073008481623,2.270081490104788,-0.44071179111923797
2024-12-30,2381.9,2404.8,2338.9,2397.7,2124,4714.466666666666,-0.8272324936923523,-0.533564958431552,-3.259296025147856
2025-01-06,2424.9,2451,2309.6,2323.2,2376,4543.6,-3.107144346665555,2.2229636735204648,-3.674354589815236
2025-01-13,2297.6,2383.2,2280.5,2375,2948,4122.233333333334,2.229683195592294,2.5826446280991737,-1.8379820936639042
2025-01-21,2384.3,2457.3,2367.6,2427.3,3246,4168.133333333333,2.2021052631579026,3.465263157894744,-0.31157894736842495
2025-01-27,2319.7,2386.4,2285,2335.1,5742,4299.7,-3.7984591933424077,-1.684999794009809,-5.862480945906981
2025-02-03,2286.1,2396.4,2273.8,2355.9,2965,4231.266666666666,0.8907541432915154,2.625155239604307,-2.625155239604288
2025-02-10,2375.5,2426.8,2356.3,2425.5,2621,4215.9,2.9542849866293097,3.0094655970117614,0.016978649348448283
2025-02-18,2440.9,2456.5,2371.2,2371.3,1401,4171.066666666667,-2.2345908060193698,1.2780869923727067,-2.2387136672851033
2025-02-24,2381.9,2386.3,2218.6,2280,3306,4174.866666666667,-3.8502087462573344,0.6325644161430438,-6.439505756336198
2025-03-03,2286.2,2289.9,2145.4,2202.2,5238,4180.866666666667,-3.4122807017543937,0.43421052631579343,-5.90350877192982
2025-03-10,2157,2160.5,2079.1,2152.8,8116,4273.366666666667,-2.2432113341204087,-1.8935609844700676,-5.5898646807737675
2025-03-17,2156.4,2208.6,2128.1,2176.6,15600,4714.066666666667,1.1055369751021797,2.591973244147144,-1.1473429951690948
2025-03-24,2208.3,2224.5,2092.6,2098.5,2647,4733.4,-3.588165028025356,2.2006799595699755,-3.8592299917302215
2025-03-31,2065.3,2147.5,1852.4,1853.4,3816,4680.233333333334,-11.679771265189416,2.3350011913271387,-11.727424350726706
2025-04-07,1780.4,2081.6,1751.9,2014.1,16125,5027.733333333334,8.670551419013695,12.312506744361704,-5.476421711449228
2025-04-14,2067.6,2067.6,1934.2,1956.2,1549,4547.066666666667,-2.874733131423458,2.6562732734223733,-3.96703242142892
2025-04-21,1924.6,2115.7,1879.8,2113.1,3862,4582.1,8.020652285042422,8.153563030364982,-3.9055311317861205
2025-04-28,2106.5,2202.5,2065.9,2190.6,3400,4612.966666666666,3.6675973687946613,4.230751029293459,-2.2336851071884825
2025-05-05,2177.8,2224.2,2143.2,2201.7,4903,4635.266666666666,0.5067104902766326,1.5338263489454906,-2.1637907422623983
2025-05-12,2296.4,2383.1,2273.4,2373.9,2788,4648.8,7.821229050279342,8.239087977471957,3.2565744651860054
2025-05-19,2343.5,2374.8,2274.2,2288.9,4472,4716.433333333333,-3.58060575424407,0.037912296221412234,-4.1998399258604096
2025-05-27,2326.2,2365.6,2294.7,2330.7,4290,4772.1,1.8262047271615067,3.3509546070164626,0.2533968281707253
2025-06-02,2337.4,2415.4,2322.5,2402.6,2818,4797.2,3.0849101128416394,3.634101342944192,-0.3518256317844346
2025-06-09,2409.9,2449.2,2403.7,2412.4,9589,5035.533333333334,0.4078914509281688,1.9395654707400278,0.04578373428785104
2025-06-16,2435,2478.8,2434.6,2445.7,12933,5311.8,1.3803680981594977,2.752445697230977,0.9202453987729986
2025-06-23,2446.4,2569.2,2432.7,2550.4,2164,5323.233333333334,4.2809829496667735,5.049679028498998,-0.5315451608946313
2025-06-30,2571.8,2618.7,2539.1,2612.3,2526,5254,2.427070263488084,2.6780112923462878,-0.44306775407779886
2025-07-07,2600.4,2627.9,2581,2598.1,2969,5229.366666666667,-0.5435822838112112,0.597174903341879,-1.1981778509359637
2025-07-14,2586.6,2659.6,2571.3,2646.3,3198,4718.266666666666,1.8552018782956883,2.3671144297756053,-1.0315230360648062
2025-07-21,2645.8,2667.8,2606.7,2656,2412,4738.133333333333,0.3665495219740702,0.8124551260250161,-1.4964289763065548
2025-07-28,2667.9,2708.1,2590.7,2604.7,3327,4778.233333333334,-1.9314759036144649,1.9615963855421654,-2.4585843373494045
2025-08-04,2629,2695.5,2628.4,2692.6,3112,4802.766666666666,3.374668867815875,3.486006065957699,0.9098936537797164
2025-08-11,2683.3,2730.1,2666.3,2686.1,1008,4738.1,-0.24140236202926557,1.3927059347842232,-0.9767510955953251
2025-08-18,2682.2,2693.6,2585.4,2612.5,973,4662.333333333333,-2.7400320166784526,0.2792152190908752,-3.7489296749934784