time,open,high,low,close,Volume,Volume MA,% Return
1874-07-01,4.46,4.46,4.46,4.46,0,0,0.00
1874-09-01,4.54,4.54,4.54,4.54,0,0,1.79
1874-10-01,4.53,4.53,4.53,4.53,0,0,-0.22
1874-12-01,4.54,4.54,4.54,4.54,0,0,0.22
1875-01-01,4.54,4.54,4.54,4.54,0,0,0.00
1875-02-01,4.53,4.53,4.53,4.53,0,0,-0.22
1875-03-01,4.59,4.59,4.59,4.59,0,0,1.32
1875-04-01,4.65,4.65,4.65,4.65,0,0,1.31
1875-06-01,4.38,4.38,4.38,4.38,0,0,-5.81
1875-07-01,4.39,4.39,4.39,4.39,0,0,0.23
1875-09-01,4.37,4.37,4.37,4.37,0,0,-0.46
1875-10-01,4.30,4.30,4.30,4.30,0,0,-1.60
1875-11-01,4.37,4.37,4.37,4.37,0,0,1.63
1875-12-01,4.37,4.37,4.37,4.37,0,0,0.00
1876-02-01,4.52,4.52,4.52,4.52,0,0,3.43
1876-03-01,4.51,4.51,4.51,4.51,0,0,-0.22
1876-05-01,4.18,4.18,4.18,4.18,0,0,-7.32
1876-06-01,4.15,4.15,4.15,4.15,0,0,-0.72
1876-08-01,3.93,3.93,3.93,3.93,0,0,-5.30
1876-09-01,3.69,3.69,3.69,3.69,0,0,-6.11
1876-11-01,3.60,3.60,3.60,3.60,0,0,-2.44
1876-12-01,3.58,3.58,3.58,3.58,0,0,-0.56
1877-01-01,3.55,3.55,3.55,3.55,0,0,-0.84
1877-02-01,3.34,3.34,3.34,3.34,0,0,-5.92
1877-03-01,3.17,3.17,3.17,3.17,0,0,-5.09
1877-05-01,2.94,2.94,2.94,2.94,0,0,-7.26
1877-06-01,2.73,2.73,2.73,2.73,0,0,-7.14
1877-08-01,3.05,3.05,3.05,3.05,0,0,11.72
1877-10-01,3.31,3.31,3.31,3.31,0,0,8.52
1877-11-01,3.26,3.26,3.26,3.26,0,0,-1.51
1878-01-01,3.25,3.25,3.25,3.25,0,0,-0.31
1878-02-01,3.18,3.18,3.18,3.18,0,0,-2.15
1878-03-01,3.24,3.24,3.24,3.24,0,0,1.89
1878-04-01,3.33,3.33,3.33,3.33,0,0,2.78
1878-05-01,3.34,3.34,3.34,3.34,0,0,0.30
1878-07-01,3.48,3.48,3.48,3.48,0,0,4.19
1878-08-01,3.45,3.45,3.45,3.45,0,0,-0.86
1878-10-01,3.48,3.48,3.48,3.48,0,0,0.87
1878-11-01,3.47,3.47,3.47,3.47,0,0,-0.29
1879-01-01,3.58,3.58,3.58,3.58,0,0,3.17
1879-04-01,3.77,3.77,3.77,3.77,0,0,5.31
1879-05-01,3.94,3.94,3.94,3.94,0,0,4.51
1879-07-01,4.04,4.04,4.04,4.04,0,0,2.54
1879-08-01,4.07,4.07,4.07,4.07,0,0,0.74
1879-09-01,4.22,4.22,4.22,4.22,0,0,3.69
1879-10-01,4.68,4.68,4.68,4.68,0,0,10.90
1879-12-01,4.92,4.92,4.92,4.92,0,0,5.13
1880-01-01,5.11,5.11,5.11,5.11,0,0,3.86
1880-03-01,5.30,5.30,5.30,5.30,0,0,3.72
1880-04-01,5.18,5.18,5.18,5.18,0,0,-2.26
1880-06-01,4.79,4.79,4.79,4.79,0,0,-7.53
1880-07-01,5.01,5.01,5.01,5.01,0,0,4.59
1880-09-01,5.18,5.18,5.18,5.18,0,0,3.39
1880-10-01,5.33,5.33,5.33,5.33,0,0,2.90
1880-11-01,5.61,5.61,5.61,5.61,0,0,5.25
1880-12-01,5.84,5.84,5.84,5.84,0,0,4.10
1881-02-01,6.17,6.17,6.17,6.17,0,0,5.65
1881-03-01,6.24,6.24,6.24,6.24,0,0,1.13
1881-04-01,6.22,6.22,6.22,6.22,0,0,-0.32
1881-06-01,6.58,6.58,6.58,6.58,0,0,5.79
1881-07-01,6.35,6.35,6.35,6.35,0,0,-3.50
1881-08-01,6.20,6.20,6.20,6.20,0,0,-2.36
1881-09-01,6.25,6.25,6.25,6.25,0,0,0.81
1881-11-01,6.19,6.19,6.19,6.19,0,0,-0.96
1881-12-01,6.01,6.01,6.01,6.01,0,0,-2.91
1882-02-01,5.79,5.79,5.79,5.79,0,0,-3.66
1882-03-01,5.78,5.78,5.78,5.78,0,0,-0.17
1882-05-01,5.71,5.71,5.71,5.71,0,0,-1.21
1882-06-01,5.68,5.68,5.68,5.68,0,0,-0.53
1882-08-01,6.18,6.18,6.18,6.18,0,0,8.80
1882-09-01,6.24,6.24,6.24,6.24,0,0,0.97
1882-11-01,5.81,5.81,5.81,5.81,0,0,-6.89
1882-12-01,5.84,5.84,5.84,5.84,0,0,0.52
1883-01-01,5.81,5.81,5.81,5.81,0,0,-0.51
1883-02-01,5.68,5.68,5.68,5.68,0,0,-2.24
1883-03-01,5.75,5.75,5.75,5.75,0,0,1.23
1883-05-01,5.77,5.77,5.77,5.77,0,0,0.35
1883-06-01,5.82,5.82,5.82,5.82,0,0,0.87
1883-08-01,5.47,5.47,5.47,5.47,0,0,-6.01
1883-10-01,5.38,5.38,5.38,5.38,0,0,-1.65
1883-11-01,5.46,5.46,5.46,5.46,0,0,1.49
1884-01-01,5.18,5.18,5.18,5.18,0,0,-5.13
1884-02-01,5.32,5.32,5.32,5.32,0,0,2.70
1884-04-01,5.06,5.06,5.06,5.06,0,0,-4.89
1884-05-01,4.65,4.65,4.65,4.65,0,0,-8.10
1884-07-01,4.46,4.46,4.46,4.46,0,0,-4.09
1884-08-01,4.74,4.74,4.74,4.74,0,0,6.28
1884-09-01,4.59,4.59,4.59,4.59,0,0,-3.16
1884-10-01,4.44,4.44,4.44,4.44,0,0,-3.27
1884-12-01,4.34,4.34,4.34,4.34,0,0,-2.25
1885-01-01,4.24,4.24,4.24,4.24,0,0,-2.30
1885-04-01,4.37,4.37,4.37,4.37,0,0,3.07
1885-05-01,4.32,4.32,4.32,4.32,0,0,-1.14
1885-06-01,4.30,4.30,4.30,4.30,0,0,-0.46
1885-07-01,4.46,4.46,4.46,4.46,0,0,3.72
1885-09-01,4.65,4.65,4.65,4.65,0,0,4.26
1885-10-01,4.92,4.92,4.92,4.92,0,0,5.81
1885-12-01,5.20,5.20,5.20,5.20,0,0,5.69
1886-01-01,5.20,5.20,5.20,5.20,0,0,0.00
1886-02-01,5.30,5.30,5.30,5.30,0,0,1.92
1886-03-01,5.19,5.19,5.19,5.19,0,0,-2.08
1886-04-01,5.12,5.12,5.12,5.12,0,0,-1.35
1886-06-01,5.25,5.25,5.25,5.25,0,0,2.54
1886-07-01,5.33,5.33,5.33,5.33,0,0,1.52
1886-09-01,5.51,5.51,5.51,5.51,0,0,3.38
1886-10-01,5.65,5.65,5.65,5.65,0,0,2.54
1886-11-01,5.79,5.79,5.79,5.79,0,0,2.48
1886-12-01,5.64,5.64,5.64,5.64,0,0,-2.59
1887-02-01,5.54,5.54,5.54,5.54,0,0,-1.77
1887-03-01,5.67,5.67,5.67,5.67,0,0,2.35
1887-04-01,5.80,5.80,5.80,5.80,0,0,2.29
1887-06-01,5.73,5.73,5.73,5.73,0,0,-1.21
1887-07-01,5.59,5.59,5.59,5.59,0,0,-2.44
1887-08-01,5.45,5.45,5.45,5.45,0,0,-2.50
1887-09-01,5.38,5.38,5.38,5.38,0,0,-1.28
1887-11-01,5.30,5.30,5.30,5.30,0,0,-1.49
1887-12-01,5.27,5.27,5.27,5.27,0,0,-0.57
1888-02-01,5.28,5.28,5.28,5.28,0,0,0.19
1888-03-01,5.08,5.08,5.08,5.08,0,0,-3.79
1888-05-01,5.17,5.17,5.17,5.17,0,0,1.77
1888-06-01,5.01,5.01,5.01,5.01,0,0,-3.09
1888-08-01,5.25,5.25,5.25,5.25,0,0,4.79
1888-10-01,5.35,5.35,5.35,5.35,0,0,1.90
1888-11-01,5.24,5.24,5.24,5.24,0,0,-2.06
1889-01-01,5.24,5.24,5.24,5.24,0,0,0.00
1889-02-01,5.30,5.30,5.30,5.30,0,0,1.15
1889-03-01,5.19,5.19,5.19,5.19,0,0,-2.08
1889-04-01,5.18,5.18,5.18,5.18,0,0,-0.19
1889-05-01,5.32,5.32,5.32,5.32,0,0,2.70
1889-07-01,5.30,5.30,5.30,5.30,0,0,-0.38
1889-08-01,5.37,5.37,5.37,5.37,0,0,1.32
1889-10-01,5.40,5.40,5.40,5.40,0,0,0.56
1889-11-01,5.35,5.35,5.35,5.35,0,0,-0.93
1890-01-01,5.38,5.38,5.38,5.38,0,0,0.56
1890-04-01,5.39,5.39,5.39,5.39,0,0,0.19
1890-05-01,5.62,5.62,5.62,5.62,0,0,4.27
1890-07-01,5.54,5.54,5.54,5.54,0,0,-1.42
1890-08-01,5.41,5.41,5.41,5.41,0,0,-2.35
1890-09-01,5.32,5.32,5.32,5.32,0,0,-1.66
1890-10-01,5.08,5.08,5.08,5.08,0,0,-4.51
1890-12-01,4.60,4.60,4.60,4.60,0,0,-9.45
1891-01-01,4.84,4.84,4.84,4.84,0,0,5.22
1891-04-01,4.97,4.97,4.97,4.97,0,0,2.69
1891-05-01,4.95,4.95,4.95,4.95,0,0,-0.40
1891-06-01,4.85,4.85,4.85,4.85,0,0,-2.02
1891-07-01,4.77,4.77,4.77,4.77,0,0,-1.65
1891-09-01,5.33,5.33,5.33,5.33,0,0,11.74
1891-10-01,5.33,5.33,5.33,5.33,0,0,0.00
1891-12-01,5.41,5.41,5.41,5.41,0,0,1.50
1892-01-01,5.51,5.51,5.51,5.51,0,0,1.85
1892-02-01,5.52,5.52,5.52,5.52,0,0,0.18
1892-03-01,5.58,5.58,5.58,5.58,0,0,1.09
1892-04-01,5.57,5.57,5.57,5.57,0,0,-0.18
1892-06-01,5.54,5.54,5.54,5.54,0,0,-0.54
1892-07-01,5.54,5.54,5.54,5.54,0,0,0.00
1892-08-01,5.62,5.62,5.62,5.62,0,0,1.44
1892-09-01,5.48,5.48,5.48,5.48,0,0,-2.49
1892-11-01,5.57,5.57,5.57,5.57,0,0,1.64
1892-12-01,5.51,5.51,5.51,5.51,0,0,-1.08
1893-02-01,5.51,5.51,5.51,5.51,0,0,0.00
1893-03-01,5.31,5.31,5.31,5.31,0,0,-3.63
1893-05-01,4.84,4.84,4.84,4.84,0,0,-8.85
1893-06-01,4.61,4.61,4.61,4.61,0,0,-4.75
1893-08-01,4.08,4.08,4.08,4.08,0,0,-11.50
1893-09-01,4.37,4.37,4.37,4.37,0,0,7.11
1893-11-01,4.57,4.57,4.57,4.57,0,0,4.58
1893-12-01,4.41,4.41,4.41,4.41,0,0,-3.50
1894-01-01,4.32,4.32,4.32,4.32,0,0,-2.04
1894-02-01,4.38,4.38,4.38,4.38,0,0,1.39
1894-03-01,4.51,4.51,4.51,4.51,0,0,2.97
1894-05-01,4.40,4.40,4.40,4.40,0,0,-2.44
1894-06-01,4.34,4.34,4.34,4.34,0,0,-1.36
1894-08-01,4.41,4.41,4.41,4.41,0,0,1.61
1894-10-01,4.34,4.34,4.34,4.34,0,0,-1.59
1894-11-01,4.34,4.34,4.34,4.34,0,0,0.00
1895-01-01,4.25,4.25,4.25,4.25,0,0,-2.07
1895-02-01,4.19,4.19,4.19,4.19,0,0,-1.41
1895-03-01,4.19,4.19,4.19,4.19,0,0,0.00
1895-04-01,4.37,4.37,4.37,4.37,0,0,4.30
1895-05-01,4.61,4.61,4.61,4.61,0,0,5.49
1895-07-01,4.72,4.72,4.72,4.72,0,0,2.39
1895-08-01,4.79,4.79,4.79,4.79,0,0,1.48
1895-10-01,4.75,4.75,4.75,4.75,0,0,-0.84
1895-11-01,4.59,4.59,4.59,4.59,0,0,-3.37
1896-01-01,4.27,4.27,4.27,4.27,0,0,-6.97
1896-04-01,4.42,4.42,4.42,4.42,0,0,3.51
1896-05-01,4.40,4.40,4.40,4.40,0,0,-0.45
1896-06-01,4.32,4.32,4.32,4.32,0,0,-1.82
1896-07-01,4.04,4.04,4.04,4.04,0,0,-6.48
1896-09-01,4.01,4.01,4.01,4.01,0,0,-0.74
1896-10-01,4.10,4.10,4.10,4.10,0,0,2.24
1896-12-01,4.22,4.22,4.22,4.22,0,0,2.93
1897-01-01,4.22,4.22,4.22,4.22,0,0,0.00
1897-02-01,4.18,4.18,4.18,4.18,0,0,-0.95
1897-03-01,4.19,4.19,4.19,4.19,0,0,0.24
1897-04-01,4.06,4.06,4.06,4.06,0,0,-3.10
1897-06-01,4.27,4.27,4.27,4.27,0,0,5.17
1897-07-01,4.46,4.46,4.46,4.46,0,0,4.45
1897-09-01,4.98,4.98,4.98,4.98,0,0,11.66
1897-10-01,4.82,4.82,4.82,4.82,0,0,-3.21
1897-11-01,4.65,4.65,4.65,4.65,0,0,-3.53
1897-12-01,4.75,4.75,4.75,4.75,0,0,2.15
1898-02-01,4.87,4.87,4.87,4.87,0,0,2.53
1898-03-01,4.65,4.65,4.65,4.65,0,0,-4.52
1898-04-01,4.57,4.57,4.57,4.57,0,0,-1.72
1898-06-01,5.06,5.06,5.06,5.06,0,0,10.72
1898-07-01,5.08,5.08,5.08,5.08,0,0,0.40
1898-08-01,5.27,5.27,5.27,5.27,0,0,3.74
1898-09-01,5.26,5.26,5.26,5.26,0,0,-0.19
1898-11-01,5.32,5.32,5.32,5.32,0,0,1.14
1898-12-01,5.65,5.65,5.65,5.65,0,0,6.20
1899-02-01,6.31,6.31,6.31,6.31,0,0,11.68
1899-03-01,6.40,6.40,6.40,6.40,0,0,1.43
1899-05-01,6.21,6.21,6.21,6.21,0,0,-2.97
1899-06-01,6.07,6.07,6.07,6.07,0,0,-2.25
1899-08-01,6.44,6.44,6.44,6.44,0,0,6.10
1899-09-01,6.37,6.37,6.37,6.37,0,0,-1.09
1899-11-01,6.46,6.46,6.46,6.46,0,0,1.41
1899-12-01,6.02,6.02,6.02,6.02,0,0,-6.81
1/1/1900,6.10,6.10,6.10,6.10,0,0,1.33
2/1/1900,6.21,6.21,6.21,6.21,0,0,1.80
3/1/1900,6.26,6.26,6.26,6.26,0,0,0.81
5/1/1900,6.04,6.04,6.04,6.04,0,0,-3.51
6/1/1900,5.86,5.86,5.86,5.86,0,0,-2.98
8/1/1900,5.94,5.94,5.94,5.94,0,0,1.37
10/1/1900,6.01,6.01,6.01,6.01,0,0,1.18
11/1/1900,6.48,6.48,6.48,6.48,0,0,7.82
1/1/1901,7.07,7.07,7.07,7.07,0,0,9.10
2/1/1901,7.25,7.25,7.25,7.25,0,0,2.55
3/1/1901,7.51,7.51,7.51,7.51,0,0,3.59
4/1/1901,8.14,8.14,8.14,8.14,0,0,8.39
5/1/1901,7.73,7.73,7.73,7.73,0,0,-5.04
7/1/1901,7.93,7.93,7.93,7.93,0,0,2.59
8/1/1901,8.04,8.04,8.04,8.04,0,0,1.39
10/1/1901,7.91,7.91,7.91,7.91,0,0,-1.62
11/1/1901,8.08,8.08,8.08,8.08,0,0,2.15
1/1/1902,8.12,8.12,8.12,8.12,0,0,0.50
4/1/1902,8.48,8.48,8.48,8.48,0,0,4.43
5/1/1902,8.46,8.46,8.46,8.46,0,0,-0.24
7/1/1902,8.60,8.60,8.60,8.60,0,0,1.65
8/1/1902,8.83,8.83,8.83,8.83,0,0,2.67
9/1/1902,8.85,8.85,8.85,8.85,0,0,0.23
10/1/1902,8.57,8.57,8.57,8.57,0,0,-3.16
12/1/1902,8.05,8.05,8.05,8.05,0,0,-6.07
1/1/1903,8.46,8.46,8.46,8.46,0,0,5.09
4/1/1903,7.75,7.75,7.75,7.75,0,0,-8.39
5/1/1903,7.60,7.60,7.60,7.60,0,0,-1.94
6/1/1903,7.18,7.18,7.18,7.18,0,0,-5.53
7/1/1903,6.85,6.85,6.85,6.85,0,0,-4.60
9/1/1903,6.47,6.47,6.47,6.47,0,0,-5.55
10/1/1903,6.26,6.26,6.26,6.26,0,0,-3.25
12/1/1903,6.57,6.57,6.57,6.57,0,0,4.95
1/1/1904,6.68,6.68,6.68,6.68,0,0,1.67
2/1/1904,6.50,6.50,6.50,6.50,0,0,-2.69
3/1/1904,6.48,6.48,6.48,6.48,0,0,-0.31
4/1/1904,6.64,6.64,6.64,6.64,0,0,2.47
6/1/1904,6.51,6.51,6.51,6.51,0,0,-1.96
7/1/1904,6.78,6.78,6.78,6.78,0,0,4.15
8/1/1904,7.01,7.01,7.01,7.01,0,0,3.39
9/1/1904,7.32,7.32,7.32,7.32,0,0,4.42
11/1/1904,8.17,8.17,8.17,8.17,0,0,11.61
12/1/1904,8.25,8.25,8.25,8.25,0,0,0.98
2/1/1905,8.80,8.80,8.80,8.80,0,0,6.67
3/1/1905,9.05,9.05,9.05,9.05,0,0,2.84
5/1/1905,8.50,8.50,8.50,8.50,0,0,-6.08
6/1/1905,8.60,8.60,8.60,8.60,0,0,1.18
8/1/1905,9.20,9.20,9.20,9.20,0,0,6.98
9/1/1905,9.23,9.23,9.23,9.23,0,0,0.33
11/1/1905,9.31,9.31,9.31,9.31,0,0,0.87
12/1/1905,9.54,9.54,9.54,9.54,0,0,2.47
1/1/1906,9.87,9.87,9.87,9.87,0,0,3.46
2/1/1906,9.80,9.80,9.80,9.80,0,0,-0.71
3/1/1906,9.56,9.56,9.56,9.56,0,0,-2.45
5/1/1906,9.18,9.18,9.18,9.18,0,0,-3.97
6/1/1906,9.30,9.30,9.30,9.30,0,0,1.31
8/1/1906,9.73,9.73,9.73,9.73,0,0,4.62
10/1/1906,9.73,9.73,9.73,9.73,0,0,0.00
11/1/1906,9.93,9.93,9.93,9.93,0,0,2.06
1/1/1907,9.56,9.56,9.56,9.56,0,0,-3.73
2/1/1907,9.26,9.26,9.26,9.26,0,0,-3.14
3/1/1907,8.35,8.35,8.35,8.35,0,0,-9.83
4/1/1907,8.39,8.39,8.39,8.39,0,0,0.48
5/1/1907,8.10,8.10,8.10,8.10,0,0,-3.46
7/1/1907,8.14,8.14,8.14,8.14,0,0,0.49
8/1/1907,7.53,7.53,7.53,7.53,0,0,-7.49
10/1/1907,6.64,6.64,6.64,6.64,0,0,-11.82
11/1/1907,6.25,6.25,6.25,6.25,0,0,-5.87
1/1/1908,6.85,6.85,6.85,6.85,0,0,9.60
4/1/1908,7.24,7.24,7.24,7.24,0,0,5.69
5/1/1908,7.63,7.63,7.63,7.63,0,0,5.39
6/1/1908,7.64,7.64,7.64,7.64,0,0,0.13
7/1/1908,7.92,7.92,7.92,7.92,0,0,3.66
9/1/1908,8.17,8.17,8.17,8.17,0,0,3.16
10/1/1908,8.27,8.27,8.27,8.27,0,0,1.22
12/1/1908,9.03,9.03,9.03,9.03,0,0,9.19
1/1/1909,9.06,9.06,9.06,9.06,0,0,0.33
2/1/1909,8.80,8.80,8.80,8.80,0,0,-2.87
3/1/1909,8.92,8.92,8.92,8.92,0,0,1.36
4/1/1909,9.32,9.32,9.32,9.32,0,0,4.48
6/1/1909,9.80,9.80,9.80,9.80,0,0,5.15
7/1/1909,9.94,9.94,9.94,9.94,0,0,1.43
9/1/1909,10.19,10.19,10.19,10.19,0,0,2.52
10/1/1909,10.23,10.23,10.23,10.23,0,0,0.39
11/1/1909,10.18,10.18,10.18,10.18,0,0,-0.49
12/1/1909,10.30,10.30,10.30,10.30,0,0,1.18
2/1/1910,9.72,9.72,9.72,9.72,0,0,-5.63
3/1/1910,9.96,9.96,9.96,9.96,0,0,2.47
4/1/1910,9.72,9.72,9.72,9.72,0,0,-2.41
6/1/1910,9.10,9.10,9.10,9.10,0,0,-6.38
7/1/1910,8.64,8.64,8.64,8.64,0,0,-5.05
8/1/1910,8.85,8.85,8.85,8.85,0,0,2.43
9/1/1910,8.91,8.91,8.91,8.91,0,0,0.68
11/1/1910,9.31,9.31,9.31,9.31,0,0,4.49
12/1/1910,9.05,9.05,9.05,9.05,0,0,-2.79
2/1/1911,9.43,9.43,9.43,9.43,0,0,4.20
3/1/1911,9.32,9.32,9.32,9.32,0,0,-1.17
5/1/1911,9.48,9.48,9.48,9.48,0,0,1.72
6/1/1911,9.67,9.67,9.67,9.67,0,0,2.00
8/1/1911,9.17,9.17,9.17,9.17,0,0,-5.17
9/1/1911,8.67,8.67,8.67,8.67,0,0,-5.45
11/1/1911,9.07,9.07,9.07,9.07,0,0,4.61
12/1/1911,9.11,9.11,9.11,9.11,0,0,0.44
1/1/1912,9.12,9.12,9.12,9.12,0,0,0.11
2/1/1912,9.04,9.04,9.04,9.04,0,0,-0.88
3/1/1912,9.30,9.30,9.30,9.30,0,0,2.88
4/1/1912,9.59,9.59,9.59,9.59,0,0,3.12
5/1/1912,9.58,9.58,9.58,9.58,0,0,-0.10
7/1/1912,9.59,9.59,9.59,9.59,0,0,0.10
8/1/1912,9.81,9.81,9.81,9.81,0,0,2.29
10/1/1912,9.84,9.84,9.84,9.84,0,0,0.31
11/1/1912,9.73,9.73,9.73,9.73,0,0,-1.12
1/1/1913,9.30,9.30,9.30,9.30,0,0,-4.42
4/1/1913,8.79,8.79,8.79,8.79,0,0,-5.48
5/1/1913,8.55,8.55,8.55,8.55,0,0,-2.73
7/1/1913,8.23,8.23,8.23,8.23,0,0,-3.74
8/1/1913,8.45,8.45,8.45,8.45,0,0,2.67
9/1/1913,8.53,8.53,8.53,8.53,0,0,0.95
10/1/1913,8.26,8.26,8.26,8.26,0,0,-3.17
12/1/1913,8.04,8.04,8.04,8.04,0,0,-2.66
1/1/1914,8.37,8.37,8.37,8.37,0,0,4.10
4/1/1914,8.12,8.12,8.12,8.12,0,0,-2.99
5/1/1914,8.17,8.17,8.17,8.17,0,0,0.62
6/1/1914,8.13,8.13,8.13,8.13,0,0,-0.49
7/1/1914,7.68,7.68,7.68,7.68,0,0,-5.54
9/1/1914,7.68,7.68,7.68,7.68,0,0,0.00
10/1/1914,7.68,7.68,7.68,7.68,0,0,0.00
12/1/1914,7.35,7.35,7.35,7.35,0,0,-4.30
1/1/1915,7.48,7.48,7.48,7.48,0,0,1.77
2/1/1915,7.38,7.38,7.38,7.38,0,0,-1.34
3/1/1915,7.57,7.57,7.57,7.57,0,0,2.57
4/1/1915,8.14,8.14,8.14,8.14,0,0,7.53
6/1/1915,8.04,8.04,8.04,8.04,0,0,-1.23
7/1/1915,8.01,8.01,8.01,8.01,0,0,-0.37
9/1/1915,8.66,8.66,8.66,8.66,0,0,8.11
10/1/1915,9.14,9.14,9.14,9.14,0,0,5.54
11/1/1915,9.46,9.46,9.46,9.46,0,0,3.50
12/1/1915,9.48,9.48,9.48,9.48,0,0,0.21
2/1/1916,9.20,9.20,9.20,9.20,0,0,-2.95
3/1/1916,9.17,9.17,9.17,9.17,0,0,-0.33
5/1/1916,9.27,9.27,9.27,9.27,0,0,1.09
6/1/1916,9.36,9.36,9.36,9.36,0,0,0.97
8/1/1916,9.30,9.30,9.30,9.30,0,0,-0.64
9/1/1916,9.68,9.68,9.68,9.68,0,0,4.09
11/1/1916,10.21,10.21,10.21,10.21,0,0,5.48
12/1/1916,9.80,9.80,9.80,9.80,0,0,-4.02
1/1/1917,9.57,9.57,9.57,9.57,0,0,-2.35
2/1/1917,9.03,9.03,9.03,9.03,0,0,-5.64
3/1/1917,9.31,9.31,9.31,9.31,0,0,3.10
5/1/1917,8.86,8.86,8.86,8.86,0,0,-4.83
6/1/1917,9.04,9.04,9.04,9.04,0,0,2.03
8/1/1917,8.53,8.53,8.53,8.53,0,0,-5.64
10/1/1917,7.68,7.68,7.68,7.68,0,0,-9.96
11/1/1917,7.04,7.04,7.04,7.04,0,0,-8.33
1/1/1918,7.21,7.21,7.21,7.21,0,0,2.41
2/1/1918,7.43,7.43,7.43,7.43,0,0,3.05
3/1/1918,7.28,7.28,7.28,7.28,0,0,-2.02
4/1/1918,7.21,7.21,7.21,7.21,0,0,-0.96
5/1/1918,7.44,7.44,7.44,7.44,0,0,3.19
7/1/1918,7.51,7.51,7.51,7.51,0,0,0.94
8/1/1918,7.58,7.58,7.58,7.58,0,0,0.93
10/1/1918,7.86,7.86,7.86,7.86,0,0,3.69
11/1/1918,8.06,8.06,8.06,8.06,0,0,2.54
1/1/1919,7.85,7.85,7.85,7.85,0,0,-2.61
4/1/1919,8.39,8.39,8.39,8.39,0,0,6.88
5/1/1919,8.97,8.97,8.97,8.97,0,0,6.91
7/1/1919,9.51,9.51,9.51,9.51,0,0,6.02
8/1/1919,8.87,8.87,8.87,8.87,0,0,-6.73
9/1/1919,9.01,9.01,9.01,9.01,0,0,1.58
10/1/1919,9.47,9.47,9.47,9.47,0,0,5.11
12/1/1919,8.92,8.92,8.92,8.92,0,0,-5.81
1/1/1920,8.83,8.83,8.83,8.83,0,0,-1.01
3/1/1920,8.67,8.67,8.67,8.67,0,0,-1.81
4/1/1920,8.60,8.60,8.60,8.60,0,0,-0.81
6/1/1920,7.92,7.92,7.92,7.92,0,0,-7.91
7/1/1920,7.91,7.91,7.91,7.91,0,0,-0.13
9/1/1920,7.87,7.87,7.87,7.87,0,0,-0.51
10/1/1920,7.88,7.88,7.88,7.88,0,0,0.13
11/1/1920,7.48,7.48,7.48,7.48,0,0,-5.08
12/1/1920,6.81,6.81,6.81,6.81,0,0,-8.96
2/1/1921,7.06,7.06,7.06,7.06,0,0,3.67
3/1/1921,6.88,6.88,6.88,6.88,0,0,-2.55
4/1/1921,6.91,6.91,6.91,6.91,0,0,0.44
6/1/1921,6.55,6.55,6.55,6.55,0,0,-5.21
7/1/1921,6.53,6.53,6.53,6.53,0,0,-0.31
8/1/1921,6.45,6.45,6.45,6.45,0,0,-1.23
9/1/1921,6.61,6.61,6.61,6.61,0,0,2.48
11/1/1921,7.06,7.06,7.06,7.06,0,0,6.81
12/1/1921,7.31,7.31,7.31,7.31,0,0,3.54
2/1/1922,7.46,7.46,7.46,7.46,0,0,2.05
3/1/1922,7.74,7.74,7.74,7.74,0,0,3.75
5/1/1922,8.53,8.53,8.53,8.53,0,0,10.21
6/1/1922,8.45,8.45,8.45,8.45,0,0,-0.94
8/1/1922,8.83,8.83,8.83,8.83,0,0,4.50
9/1/1922,9.06,9.06,9.06,9.06,0,0,2.60
11/1/1922,8.80,8.80,8.80,8.80,0,0,-2.87
12/1/1922,8.78,8.78,8.78,8.78,0,0,-0.23
1/1/1923,8.90,8.90,8.90,8.90,0,0,1.37
2/1/1923,9.28,9.28,9.28,9.28,0,0,4.27
3/1/1923,9.43,9.43,9.43,9.43,0,0,1.62
5/1/1923,8.67,8.67,8.67,8.67,0,0,-8.06
6/1/1923,8.34,8.34,8.34,8.34,0,0,-3.81
8/1/1923,8.10,8.10,8.10,8.10,0,0,-2.88
10/1/1923,8.03,8.03,8.03,8.03,0,0,-0.86
11/1/1923,8.27,8.27,8.27,8.27,0,0,2.99
1/1/1924,8.83,8.83,8.83,8.83,0,0,6.77
2/1/1924,8.87,8.87,8.87,8.87,0,0,0.45
4/1/1924,8.50,8.50,8.50,8.50,0,0,-4.17
5/1/1924,8.47,8.47,8.47,8.47,0,0,-0.35
7/1/1924,9.03,9.03,9.03,9.03,0,0,6.61
8/1/1924,9.34,9.34,9.34,9.34,0,0,3.43
9/1/1924,9.25,9.25,9.25,9.25,0,0,-0.96
10/1/1924,9.13,9.13,9.13,9.13,0,0,-1.30
12/1/1924,10.16,10.16,10.16,10.16,0,0,11.28
1/1/1925,10.58,10.58,10.58,10.58,0,0,4.13
4/1/1925,10.28,10.28,10.28,10.28,0,0,-2.84
5/1/1925,10.61,10.61,10.61,10.61,0,0,3.21
6/1/1925,10.80,10.80,10.80,10.80,0,0,1.79
7/1/1925,11.10,11.10,11.10,11.10,0,0,2.78
9/1/1925,11.51,11.51,11.51,11.51,0,0,3.69
10/1/1925,11.89,11.89,11.89,11.89,0,0,3.30
12/1/1925,12.46,12.46,12.46,12.46,0,0,4.79
1/1/1926,12.65,12.65,12.65,12.65,0,0,1.52
2/1/1926,12.67,12.67,12.67,12.67,0,0,0.16
3/1/1926,11.81,11.81,11.81,11.81,0,0,-6.79
4/1/1926,11.48,11.48,11.48,11.48,0,0,-2.79
6/1/1926,12.11,12.11,12.11,12.11,0,0,5.49
7/1/1926,12.62,12.62,12.62,12.62,0,0,4.21
9/1/1926,13.32,13.32,13.32,13.32,0,0,5.55
10/1/1926,13.02,13.02,13.02,13.02,0,0,-2.25
11/1/1926,13.19,13.19,13.19,13.19,0,0,1.31
12/1/1926,13.49,13.49,13.49,13.49,0,0,2.27
2/1/1927,13.66,13.66,13.66,13.66,0,0,1.26
3/1/1927,13.87,13.87,13.87,13.87,0,0,1.54
4/1/1927,14.21,14.21,14.21,14.21,0,0,2.45
6/1/1927,14.89,14.89,14.89,14.89,0,0,4.79
7/1/1927,15.22,15.22,15.22,15.22,0,0,2.22
8/1/1927,16.03,16.03,16.03,16.03,0,0,5.32
9/1/1927,16.94,16.94,16.94,16.94,0,0,5.68
11/1/1927,17.06,17.06,17.06,17.06,0,0,0.71
12/1/1927,17.46,17.66,17.46,17.66,0,0,3.52
1/2/1928,17.76,17.76,17.26,17.57,0,0,-0.51
2/1/1928,17.53,17.63,16.95,17.26,0,0,-1.76
3/1/1928,17.30,19.28,17.30,19.28,0,0,11.70
4/2/1928,18.91,19.75,18.91,19.75,0,0,2.44
5/1/1928,19.78,20.44,19.36,20.00,0,0,1.27
6/1/1928,20.07,20.07,18.34,19.14,0,0,-4.30
7/2/1928,18.98,19.48,18.70,19.43,0,0,1.52
8/1/1928,19.42,20.87,19.13,20.87,0,0,7.41
9/3/1928,20.97,21.43,20.92,21.14,0,0,1.29
10/1/1928,21.36,22.00,21.11,21.68,0,0,2.55
11/1/1928,21.99,24.28,21.95,24.28,0,0,11.99
12/3/1928,23.85,24.35,22.31,24.35,0,0,0.29
1/1/1929,24.81,25.74,24.17,25.74,0,0,5.71
2/1/1929,25.84,25.84,24.35,25.59,0,0,-0.58
3/1/1929,25.83,26.08,24.35,25.53,0,0,-0.23
4/1/1929,24.88,25.94,24.63,25.94,0,0,1.61
5/1/1929,25.99,26.37,24.20,24.83,0,0,-4.28
6/3/1929,25.27,27.41,25.27,27.41,0,0,10.39
7/1/1929,27.77,28.88,27.77,28.88,0,0,5.36
8/1/1929,29.08,31.71,28.38,31.71,0,0,9.80
9/2/1929,31.82,31.86,30.16,30.16,0,0,-4.89
10/1/1929,29.98,30.81,20.43,24.15,0,0,-19.93
11/1/1929,22.88,22.88,17.66,20.92,0,0,-13.37
12/2/1929,20.95,22.57,20.16,21.45,0,0,2.53
1/1/1930,21.18,22.79,21.18,22.79,0,0,6.25
2/3/1930,22.74,23.36,22.64,23.28,0,0,2.15
3/3/1930,23.36,24.85,23.36,24.15,0,0,3.74
4/1/1930,25.37,25.92,24.73,24.90,0,0,3.11
5/1/1930,24.30,24.57,22.98,24.49,0,0,-1.65
6/2/1930,24.40,24.40,19.39,20.46,0,0,-16.46
7/1/1930,20.24,21.82,19.83,21.21,0,0,3.67
8/1/1930,21.11,21.52,19.88,21.37,0,0,0.75
9/1/1930,21.38,21.86,18.59,18.59,0,0,-13.01
10/1/1930,19.42,19.42,16.90,16.94,0,0,-8.88
11/3/1930,17.13,17.20,15.54,16.38,0,0,-3.31
12/1/1930,16.80,16.96,14.44,15.34,0,0,-6.35
1/1/1931,15.85,16.42,15.09,16.19,0,0,5.54
2/2/1931,16.16,18.17,16.16,18.03,0,0,11.37
3/2/1931,17.52,18.06,16.66,16.69,0,0,-7.43
4/1/1931,16.52,16.72,14.37,15.09,0,0,-9.59
5/1/1931,14.65,15.44,13.02,13.02,0,0,-13.72
6/1/1931,12.40,15.35,12.20,14.83,0,0,13.90
7/1/1931,15.07,15.26,13.73,13.73,0,0,-7.42
8/3/1931,13.93,14.29,13.55,13.86,0,0,0.95
9/1/1931,13.92,13.92,9.71,9.71,0,0,-29.94
10/1/1931,9.53,10.96,8.82,10.43,0,0,7.42
11/2/1931,10.50,11.52,9.31,9.50,0,0,-8.92
12/1/1931,9.38,9.38,7.72,8.12,0,0,-14.53
1/1/1932,7.56,8.92,7.55,7.94,0,0,-2.22
2/1/1932,8.23,8.84,7.50,8.29,0,0,4.41
3/1/1932,8.35,8.98,7.31,7.31,0,0,-11.82
4/1/1932,7.18,7.18,5.83,5.83,0,0,-20.25
5/2/1932,5.74,6.09,4.47,4.47,0,0,-23.33
6/1/1932,4.40,5.12,4.40,4.43,0,0,-0.89
7/1/1932,4.60,6.03,4.41,6.03,0,0,36.12
8/1/1932,6.11,8.58,5.87,8.39,0,0,39.14
9/1/1932,8.47,9.31,7.34,8.08,0,0,-3.69
10/3/1932,8.06,8.06,6.42,6.96,0,0,-13.86
11/1/1932,6.76,7.68,6.48,6.55,0,0,-5.89
12/1/1932,6.73,7.12,6.47,6.92,0,0,5.65
1/2/1933,6.83,7.34,6.83,6.94,0,0,0.29
2/1/1933,6.67,6.76,5.53,5.66,0,0,-18.44
3/1/1933,5.77,6.93,5.65,5.85,0,0,3.36
4/3/1933,5.87,7.91,5.87,7.83,0,0,33.85
5/1/1933,8.43,9.78,8.34,9.64,0,0,23.12
6/1/1933,9.74,10.98,9.74,10.91,0,0,13.17
7/3/1933,11.62,12.20,9.65,9.95,0,0,-8.80
8/1/1933,10.25,11.28,10.05,11.09,0,0,11.46
9/1/1933,11.23,11.23,9.65,9.72,0,0,-12.35
10/2/1933,9.62,10.32,8.61,8.96,0,0,-7.82
11/1/1933,9.12,10.23,9.12,9.88,0,0,10.27
12/1/1933,9.91,10.31,9.55,9.97,0,0,0.91
1/1/1934,10.11,11.33,9.76,11.17,0,0,12.04
2/1/1934,11.46,11.82,10.69,10.76,0,0,-3.67
3/1/1934,10.72,11.07,10.42,10.62,0,0,-1.30
4/2/1934,10.76,11.16,10.46,10.46,0,0,-1.51
5/1/1934,10.46,10.46,9.45,9.61,0,0,-8.13
6/1/1934,9.38,10.37,9.38,9.81,0,0,2.08
7/2/1934,9.69,9.99,8.36,8.68,0,0,-11.52
8/1/1934,8.95,9.52,8.69,9.15,0,0,5.41
9/3/1934,9.06,9.21,8.45,9.08,0,0,-0.77
10/1/1934,8.83,9.19,8.76,8.81,0,0,-2.97
11/1/1934,8.77,9.54,8.77,9.54,0,0,8.29
12/3/1934,9.41,9.56,9.02,9.50,0,0,-0.42
1/1/1935,9.51,9.58,8.96,9.10,0,0,-4.21
2/1/1935,9.05,9.34,8.74,8.74,0,0,-3.96
3/1/1935,8.79,8.79,8.06,8.45,0,0,-3.32
4/1/1935,8.54,9.44,8.22,9.28,0,0,9.82
5/1/1935,9.23,10.07,9.15,9.58,0,0,3.23
6/3/1935,9.67,10.47,9.67,10.24,0,0,6.89
7/1/1935,10.28,11.08,10.28,11.08,0,0,8.20
8/1/1935,11.04,11.67,10.62,11.24,0,0,1.44
9/2/1935,11.21,11.92,11.21,11.59,0,0,3.11
10/1/1935,11.48,12.46,11.10,12.46,0,0,7.51
11/1/1935,12.61,13.46,12.61,12.94,0,0,3.85
12/2/1935,12.75,13.43,12.75,13.43,0,0,3.79
1/1/1936,13.40,14.31,13.40,14.31,0,0,6.55
2/3/1936,14.44,14.87,14.32,14.60,0,0,2.03
3/2/1936,14.77,15.10,14.24,14.92,0,0,2.19
4/1/1936,15.19,15.51,13.53,13.77,0,0,-7.71
5/1/1936,13.87,14.45,13.82,14.40,0,0,4.58
6/1/1936,14.39,15.16,14.12,14.84,0,0,3.06
7/1/1936,14.90,16.15,14.81,15.85,0,0,6.81
8/3/1936,15.91,16.20,15.32,15.99,0,0,0.88
9/1/1936,15.95,16.29,15.00,16.01,0,0,0.13
10/1/1936,16.04,17.23,16.04,17.23,0,0,7.62
11/2/1936,17.17,17.69,16.89,17.28,0,0,0.29
12/1/1936,17.14,17.32,16.65,17.18,0,0,-0.58
1/1/1937,16.93,17.96,16.93,17.77,0,0,3.43
2/1/1937,17.88,18.37,17.86,18.06,0,0,1.63
3/1/1937,18.09,18.67,17.22,17.92,0,0,-0.78
4/1/1937,17.71,17.71,15.99,16.43,0,0,-8.31
5/3/1937,16.47,16.73,15.62,16.26,0,0,-1.03
6/1/1937,15.96,16.28,15.12,15.40,0,0,-5.29
7/1/1937,15.47,17.06,15.47,16.77,0,0,8.90
8/2/1937,17.07,17.27,15.88,16.04,0,0,-4.35
9/1/1937,15.61,15.61,13.20,13.76,0,0,-14.21
10/1/1937,13.72,13.72,10.76,12.35,0,0,-10.25
11/1/1937,12.08,12.08,10.17,11.11,0,0,-10.04
12/1/1937,10.97,11.42,10.31,10.55,0,0,-5.04
1/3/1938,10.52,11.95,10.52,10.69,0,0,1.33
2/1/1938,10.89,11.68,10.34,11.34,0,0,6.08
3/1/1938,11.46,11.46,8.50,8.50,0,0,-25.04
4/1/1938,8.91,10.45,8.91,9.78,0,0,15.06
5/2/1938,9.59,10.63,9.27,9.27,0,0,-5.21
6/1/1938,9.57,11.72,9.42,11.56,0,0,24.70
7/1/1938,11.91,12.80,11.73,12.33,0,0,6.66
8/1/1938,12.25,12.73,11.85,12.06,0,0,-2.19
9/1/1938,11.92,12.41,10.99,12.24,0,0,1.49
10/3/1938,12.52,13.91,12.48,13.17,0,0,7.60
11/1/1938,13.10,13.79,12.37,12.73,0,0,-3.34
12/1/1938,12.61,13.14,12.32,13.14,0,0,3.22
1/2/1939,13.08,13.23,11.53,12.30,0,0,-6.39
2/1/1939,12.12,12.70,12.12,12.70,0,0,3.25
3/1/1939,12.70,13.10,10.98,10.98,0,0,-13.54
4/3/1939,11.26,11.26,10.42,10.93,0,0,-0.46
5/1/1939,10.86,11.65,10.86,11.60,0,0,6.13
6/1/1939,11.42,11.80,10.79,10.86,0,0,-6.38
7/3/1939,11.00,12.18,11.00,12.04,0,0,10.87
8/1/1939,12.04,12.16,10.86,11.18,0,0,-7.14
9/1/1939,11.30,13.17,11.30,12.79,0,0,14.40
10/2/1939,12.88,13.21,12.73,12.83,0,0,0.31
11/1/1939,12.82,12.95,12.20,12.20,0,0,-4.91
12/1/1939,12.29,12.46,12.19,12.46,0,0,2.13
1/1/1940,12.63,12.77,12.05,12.05,0,0,-3.29
2/1/1940,12.05,12.37,12.04,12.13,0,0,0.66
3/1/1940,12.06,12.27,12.00,12.18,0,0,0.41
4/1/1940,12.21,12.59,12.04,12.19,0,0,0.08
5/1/1940,12.03,12.12,9.14,9.27,0,0,-23.95
6/3/1940,9.11,10.10,8.99,9.98,0,0,7.66
7/1/1940,9.87,10.33,9.85,10.29,0,0,3.11
8/1/1940,10.26,10.50,9.84,10.50,0,0,2.04
9/2/1940,10.56,10.93,10.30,10.66,0,0,1.52
10/1/1940,10.81,11.08,10.47,11.08,0,0,3.94
11/1/1940,11.08,11.39,10.56,10.57,0,0,-4.60
12/2/1940,10.62,10.69,10.38,10.58,0,0,0.09
1/1/1941,10.48,10.86,10.04,10.07,0,0,-4.82
2/3/1941,9.96,10.19,9.53,9.92,0,0,-1.49
3/3/1941,9.77,10.10,9.76,9.96,0,0,0.40
4/1/1941,9.97,10.16,9.31,9.31,0,0,-6.53
5/1/1941,9.30,9.56,9.30,9.38,0,0,0.75
6/2/1941,9.36,9.95,9.36,9.85,0,0,5.01
7/1/1941,9.82,10.47,9.82,10.39,0,0,5.48
8/1/1941,10.34,10.36,10.03,10.28,0,0,-1.06
9/1/1941,10.34,10.47,10.09,10.20,0,0,-0.78
10/1/1941,10.17,10.17,9.50,9.50,0,0,-6.86
11/3/1941,9.59,9.66,9.12,9.12,0,0,-4.00
12/1/1941,9.07,9.38,8.37,8.69,0,0,-4.71
1/1/1942,8.89,9.09,8.81,8.85,0,0,1.84
2/2/1942,8.84,8.97,8.46,8.59,0,0,-2.94
3/2/1942,8.47,8.60,7.98,8.01,0,0,-6.75
4/1/1942,8.05,8.20,7.47,7.66,0,0,-4.37
5/1/1942,7.71,8.18,7.71,8.15,0,0,6.40
6/1/1942,8.19,8.53,8.18,8.30,0,0,1.84
7/1/1942,8.23,8.83,8.23,8.56,0,0,3.13
8/3/1942,8.57,8.73,8.46,8.62,0,0,0.70
9/1/1942,8.62,8.90,8.54,8.85,0,0,2.67
10/1/1942,8.92,9.48,8.92,9.36,0,0,5.76
11/2/1942,9.48,9.69,9.29,9.29,0,0,-0.75
12/1/1942,9.28,9.77,9.28,9.77,0,0,5.17
1/1/1943,9.92,10.44,9.89,10.44,0,0,6.86
2/1/1943,10.52,10.97,10.43,10.97,0,0,5.08
3/1/1943,10.92,11.59,10.84,11.58,0,0,5.56
4/1/1943,11.59,11.76,11.14,11.59,0,0,0.09
5/3/1943,11.82,12.05,11.70,12.05,0,0,3.97
6/1/1943,12.18,12.35,11.88,12.35,0,0,2.49
7/1/1943,12.36,12.64,11.85,11.85,0,0,-4.05
8/2/1943,11.47,11.92,11.47,11.80,0,0,-0.42
9/1/1943,11.84,12.24,11.78,12.08,0,0,2.37
10/1/1943,12.09,12.09,11.67,11.91,0,0,-1.41
11/1/1943,11.92,11.92,10.99,11.02,0,0,-7.47
12/1/1943,11.13,11.69,11.13,11.67,0,0,5.90
1/3/1944,11.66,11.94,11.66,11.85,0,0,1.54
2/1/1944,11.83,11.89,11.56,11.82,0,0,-0.25
3/1/1944,11.87,12.31,11.87,12.02,0,0,1.69
4/3/1944,11.96,12.06,11.67,11.87,0,0,-1.25
5/1/1944,11.96,12.35,11.95,12.35,0,0,4.04
6/1/1944,12.31,13.02,12.23,12.98,0,0,5.10
7/3/1944,13.11,13.27,12.70,12.71,0,0,-2.08
8/1/1944,12.78,13.04,12.61,12.82,0,0,0.87
9/1/1944,12.86,12.86,12.35,12.74,0,0,-0.62
10/2/1944,12.80,13.07,12.73,12.78,0,0,0.31
11/1/1944,12.83,12.98,12.67,12.83,0,0,0.39
12/1/1944,12.80,13.28,12.80,13.28,0,0,3.51
1/1/1945,13.33,13.69,13.21,13.47,0,0,1.43
2/1/1945,13.50,14.30,13.50,14.30,0,0,6.16
3/1/1945,14.32,14.38,13.39,13.61,0,0,-4.83
4/2/1945,13.77,14.84,13.67,14.84,0,0,9.04
5/1/1945,14.79,15.11,14.62,15.01,0,0,1.15
6/1/1945,15.03,15.37,14.87,14.87,0,0,-0.93
7/2/1945,15.03,15.10,14.38,14.66,0,0,-1.41
8/1/1945,14.68,15.51,14.40,15.51,0,0,5.80
9/3/1945,15.51,16.05,15.51,16.05,0,0,3.48
10/1/1945,16.33,16.72,16.30,16.65,0,0,3.74
11/1/1945,16.87,17.27,16.85,17.19,0,0,3.24
12/3/1945,17.44,17.68,16.94,17.36,0,0,0.99
1/1/1946,17.25,18.67,17.23,18.57,0,0,6.97
2/1/1946,18.64,18.70,16.81,17.28,0,0,-6.95
3/1/1946,17.21,18.07,17.09,18.04,0,0,4.40
4/1/1946,18.06,18.90,18.06,18.76,0,0,3.99
5/1/1946,18.71,19.25,18.26,19.18,0,0,2.24
6/3/1946,19.05,19.05,18.03,18.43,0,0,-3.91
7/1/1946,18.54,18.54,17.39,17.96,0,0,-2.55
8/1/1946,18.01,18.23,16.65,16.65,0,0,-7.29
9/2/1946,15.00,15.99,14.33,14.96,0,0,-10.15
10/1/1946,14.92,15.30,14.12,14.84,0,0,-0.80
11/1/1946,15.07,15.33,14.13,14.68,0,0,-1.08
12/2/1946,14.44,15.50,14.44,15.30,0,0,4.22
1/1/1947,15.20,15.66,14.77,15.66,0,0,2.35
2/3/1947,15.80,16.14,15.30,15.43,0,0,-1.47
3/3/1947,15.41,15.65,14.78,15.17,0,0,-1.69
4/1/1947,15.23,15.23,14.09,14.58,0,0,-3.89
5/1/1947,14.69,14.85,13.77,14.45,0,0,-0.89
6/2/1947,14.30,15.24,14.30,15.21,0,0,5.26
7/1/1947,15.46,16.12,15.44,15.76,0,0,3.62
8/1/1947,15.80,15.80,15.22,15.32,0,0,-2.79
9/1/1947,15.37,15.37,14.85,15.11,0,0,-1.37
10/1/1947,15.16,15.79,15.16,15.43,0,0,2.12
11/3/1947,15.46,15.46,14.98,14.98,0,0,-2.92
12/1/1947,15.07,15.30,14.63,15.30,0,0,2.14
1/1/1948,15.34,15.34,14.32,14.68,0,0,-4.05
2/2/1948,14.71,14.71,13.85,13.93,0,0,-5.11
3/1/1948,14.07,15.08,13.84,15.08,0,0,8.26
4/1/1948,15.12,15.78,15.12,15.48,0,0,2.65
5/3/1948,15.60,16.69,15.50,16.69,0,0,7.82
6/1/1948,16.74,17.06,16.54,16.74,0,0,0.30
7/1/1948,16.70,16.92,15.72,15.85,0,0,-5.32
8/2/1948,15.85,16.15,15.67,15.97,0,0,0.76
9/1/1948,16.16,16.35,15.19,15.49,0,0,-3.01
10/1/1948,15.67,16.61,15.67,16.50,0,0,6.52
11/1/1948,16.70,16.70,14.75,14.75,0,0,-10.61
12/1/1948,15.01,15.33,15.00,15.20,0,0,3.05
1/3/1949,14.95,15.61,14.95,15.22,0,0,0.13
2/1/1949,15.34,15.35,14.38,14.62,0,0,-3.94
3/1/1949,14.71,15.22,14.65,15.06,0,0,3.01
4/1/1949,14.94,15.07,14.68,14.71,0,0,-2.32
5/2/1949,14.78,15.02,14.19,14.19,0,0,-3.54
6/1/1949,14.14,14.16,13.55,14.16,0,0,-0.21
7/1/1949,14.26,15.06,14.26,15.04,0,0,6.21
8/1/1949,15.12,15.51,15.12,15.22,0,0,1.20
9/1/1949,15.31,15.74,15.19,15.58,0,0,2.37
10/3/1949,15.60,16.15,15.60,16.04,0,0,2.95
11/1/1949,16.20,16.33,15.75,16.06,0,0,0.12
12/1/1949,16.15,16.79,16.15,16.79,0,0,4.55
1/2/1950,16.66,17.09,16.66,17.05,38770000,1292333.333,1.55
2/1/1950,17.05,17.32,16.99,17.22,30200000,2299000,1.00
3/1/1950,17.24,17.56,17.07,17.29,37450000,3547333.333,0.41
4/3/1950,17.53,18.05,17.53,17.96,42630000,4968333.333,3.88
5/1/1950,18.22,18.78,18.11,18.78,42230000,6376000,4.57
6/1/1950,18.77,19.40,17.44,17.69,45660000,7898000,-5.80
7/3/1950,17.64,17.91,16.68,17.84,44570000,9383666.667,0.85
8/1/1950,18.02,18.82,17.95,18.42,38900000,10680333.33,3.25
9/1/1950,18.55,19.45,18.54,19.45,38590000,11966666.67,5.59
10/2/1950,19.69,20.12,19.53,19.53,45190000,13473000,0.41
11/1/1950,19.56,20.32,19.36,19.51,40840000,14834333.33,-0.10
12/1/1950,19.66,20.43,19.00,20.43,55270000,16676666.67,4.72
1/1/1951,20.77,21.74,20.69,21.66,65420000,18857333.33,6.02
2/1/1951,21.77,22.20,21.76,21.80,37260000,20099333.33,0.65
3/1/1951,21.85,21.95,21.25,21.48,32430000,21180333.33,-1.47
4/2/1951,21.32,22.43,21.26,22.43,31750000,22238666.67,4.42
5/1/1951,22.53,22.81,21.03,21.52,36170000,23444333.33,-4.06
6/1/1951,21.48,22.05,20.96,20.96,36220000,24651666.67,-2.60
7/2/1951,21.10,22.63,21.10,22.40,27990000,25584666.67,6.87
8/1/1951,22.51,23.28,22.51,23.28,33630000,26705666.67,3.93
9/3/1951,23.28,23.71,23.26,23.26,36420000,27919666.67,-0.09
10/1/1951,23.47,23.85,22.66,22.94,39250000,29228000,-1.38
11/1/1951,23.10,23.10,22.40,22.88,23580000,30014000,-0.26
12/3/1951,23.01,23.77,23.01,23.77,27560000,30932666.67,3.89
1/1/1952,23.80,24.66,23.74,24.14,34520000,32083333.33,1.56
2/1/1952,24.30,24.30,23.09,23.26,25180000,32922666.67,-3.65
3/3/1952,23.29,24.37,23.29,24.37,26580000,33808666.67,4.77
4/1/1952,24.18,24.18,23.32,23.32,27060000,34710666.67,-4.31
5/1/1952,23.17,23.94,23.17,23.86,22450000,35459000,2.32
6/2/1952,23.80,24.96,23.78,24.96,25530000,36310000,4.61
7/1/1952,25.12,25.40,24.81,25.40,24100000,35821000,1.76
8/1/1952,25.45,25.55,24.83,25.03,20890000,35510666.67,-1.46
9/1/1952,25.15,25.25,24.45,24.54,24100000,35065666.67,-1.96
10/1/1952,24.48,24.58,23.80,24.52,25940000,34509333.33,-0.08
11/3/1952,24.60,25.66,24.60,25.66,30210000,34108666.67,4.65
12/1/1952,25.68,26.59,25.61,26.57,40480000,33936000,3.55
1/1/1953,26.54,26.66,25.86,26.38,34060000,33585666.67,-0.72
2/2/1953,26.51,26.54,25.48,25.90,30170000,33294666.67,-1.82
3/2/1953,25.93,26.33,25.29,25.29,42510000,33425333.33,-2.36
4/1/1953,25.25,25.25,24.19,24.62,34370000,33064666.67,-2.65
5/1/1953,24.73,25.06,24.46,24.54,25730000,32561000,-0.32
6/1/1953,24.15,24.22,23.54,24.14,26080000,31588000,-1.63
7/1/1953,24.24,24.75,24.07,24.75,22240000,30148666.67,2.53
8/3/1953,24.84,24.84,23.32,23.32,23890000,29703000,-5.78
9/1/1953,23.42,23.65,22.71,23.35,27150000,29527000,0.13
10/1/1953,23.49,24.58,23.39,24.54,25710000,29325666.67,5.10
11/2/1953,24.66,24.76,24.25,24.76,26640000,29008000,0.90
12/1/1953,24.78,24.99,24.55,24.81,36150000,29005666.67,0.20
1/1/1954,24.95,26.09,24.80,26.08,33420000,29186666.67,5.12
2/1/1954,25.99,26.30,25.81,26.15,33260000,29174333.33,0.27
3/1/1954,26.25,26.94,26.25,26.94,44050000,29428666.67,3.02
4/1/1954,27.17,28.26,27.01,28.26,43500000,29570333.33,4.90
5/3/1954,28.21,29.19,28.21,29.19,41900000,30181000,3.29
6/1/1954,29.19,29.43,28.15,29.21,42230000,30670000,0.07
7/1/1954,29.21,30.88,29.21,30.88,51840000,31247333.33,5.72
8/2/1954,30.99,31.21,29.83,29.83,56900000,32304666.67,-3.40
9/1/1954,30.04,32.69,30.04,32.31,41220000,32792666.67,8.31
10/1/1954,32.29,32.76,31.68,31.68,44170000,33363000,-1.95
11/1/1954,31.79,34.55,31.79,34.24,63010000,34715000,8.08
12/1/1954,33.99,35.98,33.99,35.98,76480000,36413333.33,5.08
1/3/1955,36.75,36.75,34.58,36.63,74650000,38098333.33,1.81
2/1/1955,36.72,37.15,36.44,36.76,60810000,39429000,0.35
3/1/1955,36.83,37.52,34.96,36.58,65780000,40818333.33,-0.49
4/1/1955,36.95,38.32,36.83,37.96,53790000,41746666.67,3.77
5/2/1955,38.04,38.04,36.97,37.91,45450000,42254666.67,-0.13
6/1/1955,37.96,41.03,37.96,41.03,58120000,42842666.67,8.23
7/1/1955,41.19,43.76,41.19,43.52,48470000,43323000,6.07
8/1/1955,42.93,43.18,41.74,43.18,41800000,43710666.67,-0.78
9/1/1955,43.37,45.63,42.61,43.67,60080000,44296333.33,1.13
10/3/1955,42.49,42.99,40.80,42.34,42150000,44555666.67,-3.05
11/1/1955,42.28,46.41,42.28,45.51,46360000,45243333.33,7.49
12/1/1955,45.35,45.89,44.95,45.48,50990000,46073666.67,-0.07
1/2/1956,45.16,45.16,43.11,43.82,47160000,46904333.33,-3.65
2/1/1956,44.03,45.43,43.42,45.34,46370000,47653666.67,3.47
3/1/1956,45.54,48.87,45.54,48.48,60310000,48759000,6.93
4/2/1956,48.70,48.85,47.09,48.38,54100000,49705333.33,-0.21
5/1/1956,48.16,48.51,44.10,45.20,53210000,50591000,-6.57
6/1/1956,45.58,47.13,45.14,46.97,37180000,50625333.33,3.92
7/2/1956,46.93,49.48,46.93,49.39,45650000,51033000,5.15
8/1/1956,49.62,49.64,46.94,47.51,44450000,51406000,-3.81
9/3/1956,47.89,48.10,45.35,45.35,37220000,51178333.33,-4.55
10/1/1956,44.70,47.00,44.70,45.58,40300000,51071666.67,0.51
11/1/1956,46.52,47.60,44.38,45.08,43550000,51126666.67,-1.10
12/3/1956,45.98,47.04,45.84,46.67,46330000,51263333.33,3.53
1/1/1957,46.20,46.66,44.40,44.72,48140000,51140000,-4.18
2/1/1957,44.62,44.62,42.39,43.26,37530000,50494333.33,-3.26
3/1/1957,43.74,44.23,43.74,44.11,35620000,50307666.67,1.96
4/1/1957,44.14,45.74,44.14,45.74,48290000,50445000,3.70
5/1/1957,46.02,47.43,46.02,47.43,52560000,50096666.67,3.69
6/3/1957,47.37,48.24,46.78,47.37,43470000,48996333.33,-0.13
7/1/1957,47.43,49.13,47.43,47.91,48230000,48115666.67,1.14
8/1/1957,47.79,47.79,43.89,45.22,41390000,47468333.33,-5.61
9/2/1957,45.44,45.44,42.42,42.42,36890000,46505333.33,-6.19
10/1/1957,42.76,43.14,38.98,41.06,63960000,46844333.33,-3.21
11/1/1957,40.44,41.72,39.44,41.72,48200000,46936000,1.61
12/2/1957,41.36,41.54,39.38,39.99,54440000,46813333.33,-4.15
1/1/1958,40.33,41.88,40.33,41.70,49830000,46858666.67,4.28
2/3/1958,42.04,42.46,40.61,40.84,40190000,46805000,-2.06
3/3/1958,41.13,42.58,41.13,42.10,46680000,46358333.33,3.09
4/1/1958,41.93,43.44,41.33,43.44,50270000,46629000,3.18
5/1/1958,43.54,44.09,43.12,44.09,54100000,46887000,1.50
6/2/1958,44.31,45.34,44.31,45.24,56610000,47074333.33,2.61
7/1/1958,45.28,47.19,45.11,47.19,69430000,47816666.67,4.31
8/1/1958,47.49,48.16,47.22,47.75,62300000,48347666.67,1.19
9/1/1958,48.00,50.06,47.97,50.06,71940000,48735333.33,4.84
10/1/1958,49.98,51.62,49.98,51.33,95020000,50099333.33,2.54
11/3/1958,51.56,53.24,51.02,52.48,74350000,50804000,2.24
12/1/1958,52.69,55.21,52.46,55.21,75940000,52096000,5.20
1/1/1959,55.44,56.04,54.89,55.45,83240000,53349000,0.43
2/2/1959,55.21,55.52,53.58,55.41,65790000,54060333.33,-0.07
3/2/1959,55.73,56.67,55.44,55.44,82430000,55567333.33,0.05
4/1/1959,55.69,58.17,55.69,57.59,75840000,56752000,3.88
5/1/1959,57.65,58.68,56.88,58.68,70950000,57665333.33,1.89
6/1/1959,58.63,58.63,56.36,58.47,64310000,58264666.67,-0.36
7/1/1959,58.97,60.62,58.91,60.51,70900000,59023333.33,3.49
8/3/1959,60.71,60.71,58.27,59.60,51050000,59474000,-1.50
9/1/1959,58.87,58.92,55.14,56.88,57500000,60203333.33,-4.56
10/1/1959,56.94,57.52,56.00,57.52,61330000,60638000,1.13
11/2/1959,57.41,58.28,56.22,58.28,64500000,61036000,1.32
12/1/1959,58.70,59.89,58.60,59.89,72210000,61994000,2.76
1/1/1960,59.91,60.39,55.61,55.61,63920000,62517000,-7.15
2/1/1960,55.96,56.82,54.73,56.12,60500000,63154000,0.92
3/1/1960,56.01,56.01,53.47,55.34,65710000,64114666.67,-1.39
4/1/1960,55.43,56.59,54.37,54.37,57300000,63892666.67,-1.75
5/2/1960,54.13,55.83,54.13,55.83,68790000,64579000,2.69
6/1/1960,55.89,58.00,55.89,56.92,76480000,65313666.67,1.95
7/1/1960,57.06,57.38,54.17,55.51,53860000,65448000,-2.48
8/1/1960,55.53,58.07,54.72,56.96,65330000,66286000,2.61
9/1/1960,57.09,57.09,52.48,53.52,60840000,66758000,-6.04
10/3/1960,53.36,54.86,52.20,53.39,54370000,66894666.67,-0.24
11/1/1960,53.94,56.43,53.94,55.54,62010000,67158333.33,4.03
12/1/1960,55.30,58.11,55.30,58.11,77330000,67849000,4.63
1/2/1961,57.57,61.97,57.57,61.78,89010000,68501666.67,6.32
2/1/1961,61.90,63.44,61.14,63.44,92730000,69516000,2.69
3/1/1961,63.43,65.06,63.38,65.06,115050000,70953000,2.55
4/3/1961,65.60,68.68,64.40,65.31,101760000,71177666.67,0.38
5/1/1961,65.17,67.39,65.17,66.56,96940000,71930666.67,1.91
6/1/1961,66.56,67.08,64.47,64.64,73090000,71835666.67,-2.88
7/3/1961,65.21,66.76,64.41,66.76,60840000,71089000,3.28
8/1/1961,67.37,68.44,66.94,68.07,81490000,71612333.33,1.96
9/1/1961,68.19,68.46,65.77,66.73,63820000,70992000,-1.97
10/2/1961,66.77,68.62,66.73,68.62,72980000,70896666.67,2.83
11/1/1961,68.73,71.85,68.73,71.32,87770000,71457333.33,3.93
12/1/1961,71.78,72.64,70.86,71.55,82380000,72059666.67,0.32
1/1/1962,71.55,71.96,67.55,68.84,80790000,72389333.33,-3.79
2/1/1962,68.84,71.13,68.56,69.96,66130000,72892000,1.63
3/1/1962,69.96,71.44,69.16,69.55,68440000,73256666.67,-0.59
4/2/1962,69.55,69.82,64.95,65.24,65240000,73387000,-6.20
5/1/1962,65.24,66.93,53.13,59.63,111030000,74938000,-8.60
6/1/1962,59.63,59.96,51.35,54.75,100160000,75869666.67,-8.18
7/2/1962,54.75,58.67,54.47,58.23,74160000,76211000,6.36
8/1/1962,58.23,60.33,56.76,59.12,80400000,76874333.33,1.53
9/3/1962,59.12,59.54,55.53,56.27,62890000,76780333.33,-4.82
10/1/1962,56.27,57.83,52.55,56.52,78690000,77493333.33,0.44
11/1/1962,56.52,62.78,55.90,62.26,96020000,78401000,10.16
12/3/1962,62.26,63.50,61.28,63.10,80870000,78547333.33,1.35
1/1/1963,63.10,66.59,62.32,66.20,101970000,80151000,4.91
2/1/1963,66.31,66.96,64.08,64.29,79120000,80610666.67,-2.89
3/1/1963,64.29,67.01,63.80,66.57,74760000,81074666.67,3.55
4/1/1963,66.57,70.18,66.23,69.80,106290000,82805333.33,4.85
5/1/1963,69.80,71.14,69.03,70.80,105070000,84240666.67,1.43
6/3/1963,70.80,71.24,68.78,69.37,90580000,84682333.33,-2.02
7/1/1963,69.37,70.48,67.54,69.13,76310000,84259000,-0.35
8/1/1963,69.13,72.71,68.64,72.50,91650000,84223000,4.87
9/2/1963,72.50,73.87,71.28,71.70,106620000,83942000,-1.10
10/1/1963,71.70,75.18,71.57,74.01,122360000,84628666.67,3.22
11/1/1963,74.01,74.44,69.48,73.23,93990000,84530333.33,-1.05
12/2/1963,73.23,75.36,73.02,75.02,98660000,85382666.67,2.44
1/1/1964,75.02,77.78,74.82,77.04,116620000,87242000,2.69
2/3/1964,77.04,78.31,76.36,77.80,88110000,87462666.67,0.99
3/2/1964,77.80,79.89,77.50,78.98,113760000,89127333.33,1.52
4/1/1964,78.98,81.20,78.67,79.46,123490000,90811000,0.61
5/1/1964,79.46,81.81,79.46,80.37,99150000,91190333.33,1.15
6/1/1964,80.37,82.10,78.15,81.69,96150000,91649333.33,1.64
7/1/1964,81.69,84.33,81.46,83.18,102590000,92376000,1.82
8/3/1964,83.18,83.49,80.80,81.83,82280000,92914333.33,-1.62
9/1/1964,81.83,84.80,81.57,84.18,109770000,94292000,2.87
10/1/1964,84.18,85.70,83.65,84.86,106550000,95669000,0.81
11/2/1964,84.86,86.80,84.10,84.42,93640000,95089333.33,-0.52
12/1/1964,84.42,85.18,82.65,84.75,104010000,95217666.67,0.39
1/1/1965,84.75,88.19,83.77,87.56,109130000,96383333.33,3.32
2/1/1965,87.56,88.06,85.25,87.43,112280000,97446000,-0.15
3/1/1965,87.43,87.93,85.65,86.16,124830000,99510666.67,-1.45
4/1/1965,86.16,89.64,85.87,89.11,119120000,100858333.3,3.42
5/3/1965,89.11,90.68,87.24,88.42,110190000,101330666.7,-0.77
6/1/1965,88.42,88.80,80.73,84.12,128160000,102907000,-4.86
7/1/1965,84.12,86.47,83.30,85.25,85150000,102346333.3,1.34
8/2/1965,85.25,87.79,84.80,87.17,109070000,103344666.7,2.25
9/1/1965,87.17,91.13,86.69,89.96,155180000,106025333.3,3.20
10/1/1965,89.96,93.19,89.30,92.42,164090000,107952000,2.73
11/1/1965,92.42,93.30,90.81,91.61,147110000,109353333.3,-0.88
12/1/1965,91.61,93.07,89.20,92.43,191050000,112702333.3,0.90
1/3/1966,92.43,94.64,91.63,92.88,182910000,116255666.7,0.49
2/1/1966,92.88,94.72,90.43,91.22,165790000,118727000,-1.79
3/1/1966,91.22,91.65,86.69,89.23,191360000,121551666.7,-2.18
4/1/1966,89.23,93.02,88.96,91.06,186160000,123678333.3,2.05
5/2/1966,91.06,91.75,83.18,86.13,171290000,126255000,-5.41
6/1/1966,86.13,87.74,83.75,84.74,140450000,127648000,-1.61
7/1/1966,84.74,88.19,83.05,83.60,119810000,127754333.3,-1.35
8/1/1966,83.50,84.70,73.91,77.10,162430000,130231666.7,-7.78
9/1/1966,77.10,80.81,75.03,76.56,120030000,130440666.7,-0.70
10/3/1966,76.56,80.91,72.28,80.20,146210000,131198000,4.75
11/1/1966,80.20,83.01,78.89,80.45,145780000,132752333.3,0.31
12/1/1966,80.45,83.88,79.49,80.33,165070000,135049666.7,-0.15
1/2/1967,80.33,88.17,79.43,86.61,207410000,138543666.7,7.82
2/1/1967,86.61,89.00,85.61,86.78,182950000,141899333.3,0.20
3/1/1967,86.78,91.72,86.67,90.20,224640000,145728333.3,3.94
4/3/1967,90.20,94.77,87.86,94.01,187650000,148431666.7,4.22
5/1/1967,94.01,95.25,88.71,89.08,218420000,152591000,-5.24
6/1/1967,89.08,93.28,87.19,90.64,212590000,156210333.3,1.75
7/3/1967,90.64,95.51,90.12,94.75,216730000,159797000,4.53
8/1/1967,94.75,96.67,92.01,93.64,207800000,162981000,-1.17
9/1/1967,93.64,98.31,93.00,96.71,204960000,165652000,3.28
10/2/1967,96.71,98.25,93.29,93.30,224780000,169174000,-3.53
11/1/1967,93.30,95.51,90.09,94.00,211430000,172548666.7,0.75
12/1/1967,94.00,96.90,93.41,96.47,229460000,175925333.3,2.63
1/1/1968,96.47,97.84,91.27,92.24,262770000,181846000,-4.38
2/1/1968,92.24,93.44,86.73,89.36,174380000,184023000,-3.12
3/1/1968,89.36,91.09,86.99,90.20,192610000,185270666.7,0.94
4/1/1968,91.11,98.61,91.11,97.46,295420000,189648333.3,8.05
5/1/1968,97.46,100.19,95.80,98.68,291980000,194477333.3,1.25
6/3/1968,98.72,102.84,98.72,99.58,257290000,196685333.3,0.91
7/1/1968,99.58,103.67,96.84,97.74,242450000,198670000,-1.85
8/1/1968,97.74,99.67,95.79,98.86,193970000,199609333.3,1.15
9/2/1968,98.86,103.63,98.31,102.67,228300000,200840666.7,3.85
10/1/1968,102.67,105.78,101.80,103.41,272200000,203708666.7,0.72
11/1/1968,103.41,109.09,101.85,108.37,251850000,206394000,4.80
12/2/1968,108.37,109.37,102.98,103.86,267480000,210628333.3,-4.16
1/1/1969,103.86,104.87,96.63,103.01,266600000,215521333.3,-0.82
2/3/1969,103.01,104.61,97.36,98.13,207490000,217023333.3,-4.74
3/3/1969,98.13,102.35,97.06,101.51,199110000,219659333.3,3.44
4/1/1969,101.51,104.56,99.08,103.69,236930000,222683333.3,2.15
5/1/1969,103.69,106.74,102.29,103.46,256580000,226376666.7,-0.22
6/2/1969,103.46,103.75,95.21,97.71,235130000,228712000,-5.56
7/1/1969,97.71,100.33,88.04,91.83,228250000,229406666.7,-6.02
8/1/1969,91.92,96.43,91.48,95.51,201680000,230031000,4.01
9/1/1969,95.51,96.62,91.77,93.12,219150000,229848000,-2.50
10/1/1969,93.12,98.83,91.66,97.12,310110000,233930000,4.30
11/3/1969,97.12,99.23,92.24,93.81,213600000,233769333.3,-3.41
12/1/1969,93.81,94.47,88.62,92.06,272350000,235761333.3,-1.87
1/1/1970,92.06,94.25,84.42,85.02,221090000,235906666.7,-7.65
2/2/1970,85.02,90.33,84.64,89.50,228380000,236592666.7,5.27
3/2/1970,89.50,91.07,86.19,89.63,212880000,236856666.7,0.15
4/1/1970,89.63,90.70,79.31,81.52,223120000,236801333.3,-9.05
5/1/1970,81.52,82.32,68.61,76.55,258220000,238361000,-6.10
6/1/1970,76.55,79.96,72.25,72.72,226420000,238259666.7,-5.00
7/1/1970,72.72,79.03,70.69,78.05,227740000,237092000,7.33
8/3/1970,78.05,82.47,74.13,81.52,218690000,238569000,4.45
9/1/1970,81.52,84.99,79.95,84.30,303290000,242258333.3,3.41
10/1/1970,84.30,87.75,82.29,83.25,261370000,241123333.3,-1.25
11/2/1970,83.25,87.60,82.23,87.20,230290000,239067000,4.74
12/1/1970,87.20,92.99,86.11,92.15,335240000,241665333.3,5.68
1/1/1971,92.15,96.49,90.64,95.88,348490000,245200000,4.05
2/1/1971,95.88,99.59,94.92,96.75,371190000,251107333.3,0.91
3/1/1971,96.75,102.03,96.11,100.31,389880000,256493333.3,3.68
4/1/1971,100.31,105.60,99.63,103.95,401580000,260806000,3.63
5/3/1971,103.95,104.42,98.68,99.63,307360000,262656333.3,-4.16
6/1/1971,99.63,102.07,96.92,98.70,303590000,263860000,-0.93
7/1/1971,99.16,101.52,95.08,95.58,265240000,263814666.7,-3.16
8/2/1971,95.58,101.51,92.81,99.03,320520000,267582333.3,3.61
9/1/1971,99.03,102.25,96.97,98.34,252720000,269369333.3,-0.70
10/1/1971,98.34,100.96,92.96,94.23,280080000,270807666.7,-4.18
11/1/1971,94.23,96.08,89.34,93.99,276410000,271468666.7,-0.25
12/1/1971,93.99,102.21,93.95,102.09,377680000,276220333.3,8.62
1/3/1972,102.09,105.00,100.87,103.94,379490000,281261666.7,1.81
2/1/1972,103.94,107.16,103.10,106.57,376260000,287081000,2.53
3/1/1972,106.57,109.75,105.86,107.20,403650000,293231000,0.59
4/3/1972,107.20,111.11,106.18,107.67,367990000,295160333.3,0.44
5/1/1972,107.67,111.48,103.83,109.53,335850000,299235333.3,1.73
6/1/1972,109.53,110.51,105.94,107.14,314510000,300640666.7,-2.18
7/3/1972,107.14,110.27,104.43,107.39,288900000,302901000,0.23
8/1/1972,107.39,113.45,107.06,111.09,356930000,307186000,3.45
9/1/1972,111.09,112.12,107.35,110.55,246190000,308296333.3,-0.49
10/2/1972,110.55,112.26,106.27,111.58,317300000,311435666.7,0.93
11/1/1972,111.58,117.91,111.32,116.67,405570000,316347333.3,4.56
12/1/1972,116.67,119.79,114.63,118.05,344730000,320291000,1.18
1/1/1973,118.06,121.74,114.97,116.03,393750000,325824666.7,-1.71
2/1/1973,116.03,118.98,109.80,111.68,318190000,329141333.3,-3.75
3/1/1973,111.68,115.61,107.41,111.52,343400000,330478333.3,-0.14
4/2/1973,111.52,113.65,105.44,106.97,277990000,331032333.3,-4.08
5/1/1973,106.97,112.25,101.36,104.95,337260000,334598000,-1.89
6/1/1973,104.95,109.52,101.45,104.26,268700000,332380000,-0.66
7/2/1973,104.10,111.04,100.44,108.22,307780000,331023000,3.80
8/1/1973,108.17,108.17,99.74,104.25,274460000,327798666.7,-3.67
9/3/1973,104.25,110.45,102.13,108.43,329070000,325771666.7,4.01
10/1/1973,108.43,112.82,107.08,108.29,422900000,326482333.3,-0.13
11/1/1973,108.29,109.20,94.88,95.96,399900000,329567000,-11.39
12/3/1973,95.83,99.09,91.05,97.55,384380000,332260000,1.66
1/1/1974,97.55,100.94,91.62,96.57,363150000,335523666.7,-1.00
2/1/1974,96.57,97.43,89.53,96.22,256810000,333400000,-0.36
3/1/1974,96.22,101.05,93.44,93.98,309600000,335296000,-2.33
4/1/1974,93.98,95.42,88.62,90.31,254270000,334435666.7,-3.91
5/1/1974,90.31,93.59,85.87,87.28,275150000,334393666.7,-3.36
6/3/1974,87.28,93.76,85.13,86.00,245340000,329982333.3,-1.47
7/1/1974,86.00,86.89,78.96,79.31,274090000,326469000,-7.78
8/1/1974,79.31,83.53,69.37,72.15,280100000,323263666.7,-9.03
9/2/1974,72.15,73.01,62.52,63.54,280050000,319143666.7,-11.93
10/1/1974,63.54,75.90,60.96,73.90,377100000,319447333.3,16.30
11/1/1974,73.90,77.41,66.85,69.97,286790000,317812000,-5.32
12/2/1974,69.80,69.80,64.13,68.56,315150000,317833333.3,-2.02
1/1/1975,68.65,78.69,68.65,76.98,432550000,322621666.7,12.28
2/3/1975,76.98,83.56,76.00,81.59,423640000,324845333.3,5.99
3/3/1975,81.59,87.08,80.08,83.36,453610000,331759333.3,2.17
4/1/1975,83.36,88.79,79.66,87.30,451350000,336227666.7,4.73
5/1/1975,87.30,93.51,86.94,91.15,457490000,337958333.3,4.41
6/2/1975,91.32,95.85,89.30,95.19,447000000,341367333.3,4.43
7/1/1975,95.19,96.58,87.68,88.75,441680000,342965000,-6.77
8/1/1975,88.75,89.04,82.21,86.88,281470000,341741000,-2.11
9/1/1975,86.88,87.42,81.57,83.87,275120000,339465000,-3.46
10/1/1975,83.87,91.75,82.57,89.04,365540000,342383333.3,6.16
11/3/1975,89.04,92.33,87.63,91.24,318810000,341768333.3,2.47
12/1/1975,91.24,91.90,86.15,90.19,348970000,344444000,-1.15
1/1/1976,90.19,101.99,89.81,100.86,635830000,355379000,11.83
2/2/1976,100.86,103.07,98.50,99.71,596130000,366101333.3,-1.14
3/1/1976,99.71,104.39,98.23,102.77,529600000,372785666.7,3.07
4/1/1976,102.77,104.63,99.57,101.64,392260000,371764333.3,-1.10
5/3/1976,101.64,103.99,98.26,100.18,355910000,370298000,-1.44
6/1/1976,100.18,105.07,97.97,104.28,417230000,371393000,4.09
7/1/1976,104.28,106.78,102.31,103.44,393760000,372413333.3,-0.81
8/2/1976,103.44,105.41,100.43,102.91,346680000,375409000,-0.51
9/1/1976,102.91,108.72,102.60,105.24,414750000,378914000,2.26
10/1/1976,105.24,105.75,99.21,102.90,361390000,382484666.7,-2.22
11/1/1976,102.90,103.78,98.18,102.10,381020000,386013666.7,-0.78
12/1/1976,102.10,107.82,101.62,107.46,534550000,395654000,5.25
1/3/1977,107.46,107.97,100.91,102.03,501620000,403238333.3,-5.05
2/1/1977,102.03,103.32,98.82,99.82,398440000,407183000,-2.17
3/1/1977,99.82,102.70,97.80,98.42,434690000,412337666.7,-1.40
4/1/1977,98.42,102.07,96.53,98.44,403060000,413203000,0.02
5/2/1977,98.44,100.93,95.52,96.12,425820000,417837333.3,-2.36
6/1/1977,96.12,101.65,95.89,100.48,485150000,423504000,4.54
7/1/1977,100.48,102.57,97.71,98.85,452480000,424168333.3,-1.62
8/1/1977,98.85,99.84,95.04,96.77,433650000,424502000,-2.10
9/1/1977,96.77,98.43,94.44,96.53,383670000,422170666.7,-0.25
10/3/1977,96.53,97.27,90.20,92.34,413470000,420908000,-4.34
11/1/1977,92.19,97.11,90.01,94.83,494680000,422147666.7,2.70
12/1/1977,94.83,95.67,91.76,95.10,450970000,422280000,0.28
1/2/1978,95.10,95.15,88.02,89.25,428140000,421828666.7,-6.15
2/1/1978,89.25,91.32,86.58,87.04,368600000,424733000,-2.48
3/1/1978,87.04,91.35,86.45,89.21,497580000,432148333.3,2.49
4/3/1978,89.20,97.91,88.07,96.83,695600000,443150333.3,8.54
5/1/1978,96.83,100.32,94.57,97.24,775750000,458381666.7,0.42
6/1/1978,97.24,101.84,93.99,95.53,666290000,468959000,-1.76
7/3/1978,95.53,101.18,93.59,100.68,541490000,465814333.3,5.39
8/1/1978,100.68,106.27,99.95,103.29,864950000,474775000,2.59
9/1/1978,103.29,108.05,100.66,102.54,672290000,479531333.3,-0.73
10/2/1978,102.54,106.23,91.65,93.15,682340000,489200666.7,-9.16
11/1/1978,94.13,97.41,91.77,94.70,514610000,494490666.7,1.66
12/1/1978,95.01,98.58,92.64,96.11,492440000,496997666.7,1.49
1/1/1979,96.11,102.59,95.22,99.93,615730000,504396666.7,3.97
2/1/1979,99.93,100.52,95.38,96.28,475710000,508697666.7,-3.65
3/1/1979,96.28,103.31,95.98,101.59,649800000,516532666.7,5.52
4/2/1979,101.56,103.95,100.14,101.76,620650000,525174666.7,0.17
5/1/1979,101.76,102.57,97.49,99.08,623740000,533265333.3,-2.63
6/1/1979,99.08,103.67,98.57,102.91,735710000,539970666.7,3.87
7/2/1979,102.91,105.17,100.35,103.81,680740000,545941333.3,0.87
8/1/1979,103.81,109.84,103.14,109.32,825050000,560161666.7,5.31
9/3/1979,109.32,111.58,105.38,109.32,713940000,569470000,0.00
10/1/1979,109.19,112.16,99.06,101.82,857930000,584632333.3,-6.86
11/1/1979,101.82,107.89,99.42,106.16,653650000,592226666.7,4.26
12/3/1979,106.16,110.33,105.07,107.94,710210000,599728666.7,1.68
1/1/1980,106.50,115.85,103.26,115.12,1158240000,623254000,6.65
2/1/1980,114.59,120.22,111.33,113.66,956530000,640683333.3,-1.27
3/3/1980,112.95,114.34,94.23,102.09,876450000,657109333.3,-10.18
4/1/1980,102.10,106.79,98.95,106.29,674140000,665798333.3,4.11
5/1/1980,105.68,113.69,103.50,111.24,764920000,674806333.3,4.66
6/2/1980,110.99,118.02,110.06,114.24,829660000,687429333.3,2.70
7/1/1980,114.64,123.93,113.54,121.67,1021770000,707217000,6.50
8/1/1980,121.22,127.78,119.42,122.38,965660000,727119000,0.58
9/1/1980,123.29,132.17,121.79,125.48,1057710000,745790000,2.53
10/1/1980,126.55,135.88,124.66,127.47,1031790000,756996333.3,1.59
11/3/1980,128.70,141.96,127.23,140.52,988110000,764075000,10.24
12/1/1980,138.20,140.66,125.32,135.76,1025650000,776053666.7,-3.39
1/1/1981,136.01,140.32,128.57,129.55,955520000,789854666.7,-4.57
2/2/1981,127.40,132.02,124.66,131.27,816310000,788233333.3,1.33
3/2/1981,131.70,138.38,128.56,136.00,1174530000,804974666.7,3.60
4/1/1981,136.39,137.72,131.58,132.87,1123470000,819679000,-2.30
5/1/1981,132.77,134.92,128.78,132.59,905430000,832706333.3,-0.21
6/1/1981,132.84,135.67,128.77,131.21,1100970000,852990666.7,-1.04
7/1/1981,130.16,131.78,125.96,130.92,953970000,864265333.3,-0.22
8/3/1981,130.53,135.49,122.29,122.79,920550000,879093333.3,-6.21
9/1/1981,122.84,124.58,110.19,116.18,959140000,889404666.7,-5.38
10/1/1981,116.58,123.28,115.00,121.89,997560000,901968333.3,4.91
11/2/1981,123.89,126.97,119.13,126.35,987920000,914107666.7,3.66
12/1/1981,126.08,127.32,121.04,122.55,959470000,921566333.3,-3.01
1/1/1982,122.64,123.72,113.63,120.40,968340000,931153000,-1.75
2/1/1982,118.24,119.81,110.71,113.11,972190000,936057666.7,-6.05
3/1/1982,113.16,114.80,104.46,111.96,1268690000,954549333.3,-1.02
4/1/1982,113.16,120.60,111.48,116.44,1136490000,963834666.7,4.00
5/3/1982,115.96,119.92,110.75,111.00,1026460000,976261666.7,-4.67
6/1/1982,111.97,112.19,107.17,109.61,1110530000,989605666.7,-1.25
7/1/1982,109.52,113.00,105.57,107.09,1145190000,989170666.7,-2.30
8/2/1982,107.71,120.26,102.20,119.51,1672770000,1013045333,11.60
9/1/1982,119.52,126.43,117.84,120.42,1548040000,1035431667,0.76
10/1/1982,120.40,140.40,120.15,133.72,2068560000,1081912333,11.04
11/1/1982,133.72,144.36,131.40,138.53,1857040000,1118316333,3.60
12/1/1982,138.56,143.68,134.79,140.64,1682080000,1146730333,1.52
1/3/1983,140.65,148.36,138.08,145.30,1857600000,1174591333,3.31
2/1/1983,145.29,152.65,141.90,148.05,1615450000,1196251000,1.89
3/1/1983,148.07,155.02,148.07,152.96,1901920000,1224391333,3.32
4/1/1983,153.85,164.43,150.17,164.43,1786870000,1249560667,7.50
5/2/1983,164.41,166.99,160.29,162.39,1953130000,1281728000,-1.24
6/1/1983,162.38,171.60,160.80,168.11,1973860000,1313335000,3.52
7/1/1983,168.12,171.40,161.50,162.56,1590170000,1334490000,-3.30
8/1/1983,162.34,165.80,158.50,164.40,1706430000,1364160667,1.13
9/1/1983,164.40,170.41,163.95,166.07,1739810000,1383003333,1.02
10/3/1983,166.07,172.65,162.86,163.55,1794620000,1405375000,-1.52
11/1/1983,163.55,168.60,161.63,166.39,1814610000,1435681000,1.74
12/1/1983,166.40,168.05,161.58,164.93,1848860000,1460610667,-0.88
1/2/1984,168.30,170.95,162.03,163.42,2215660000,1502667000,-0.92
2/1/1984,163.43,164.00,152.13,157.06,1932810000,1536409000,-3.89
3/1/1984,157.07,160.46,153.77,159.18,1854920000,1566268333,1.35
4/2/1984,159.19,161.45,154.12,160.04,1717530000,1590267333,0.54
5/1/1984,160.07,162.11,148.68,150.55,1939550000,1621988333,-5.93
6/1/1984,150.55,155.64,148.53,153.18,1812870000,1650435000,1.75
7/2/1984,153.21,156.30,147.26,150.66,1662200000,1673563667,-1.65
8/1/1984,150.66,168.79,150.66,166.68,2526920000,1725388000,10.63
9/3/1984,166.90,170.10,163.06,166.10,1768660000,1742053667,-0.35
10/1/1984,166.07,169.62,160.02,166.09,2110230000,1774511667,-0.01
11/1/1984,166.10,170.41,162.99,163.58,1757280000,1798872333,-1.51
12/3/1984,163.57,171.80,161.54,167.24,1781000000,1821221333,2.24
1/1/1985,167.20,180.27,163.36,179.63,2673710000,1872172000,7.41
2/1/1985,179.60,183.95,177.75,181.18,2194620000,1889567000,0.86
3/1/1985,181.18,183.89,176.53,180.66,2153090000,1909735333,-0.29
4/1/1985,180.66,184.85,177.86,179.83,1981880000,1906846000,-0.46
5/1/1985,179.86,190.55,178.35,189.57,2350340000,1923289333,5.42
6/3/1985,189.56,191.85,185.03,191.85,2117000000,1937786667,1.20
7/1/1985,191.82,196.07,189.30,190.92,2463070000,1957969000,-0.48
8/1/1985,190.91,192.17,186.12,188.63,1923200000,1968227333,-1.20
9/2/1985,187.82,189.10,179.45,182.08,1860160000,1966835333,-3.47
10/1/1985,182.06,190.95,181.16,189.82,2543240000,1992047667,4.25
11/1/1985,189.81,204.50,189.37,202.17,2445370000,2008455667,6.51
12/2/1985,202.17,213.75,200.10,211.28,2804380000,2036139667,4.51
1/1/1986,212.30,214.57,202.60,211.78,2879010000,2079101000,0.24
2/3/1986,211.72,227.92,210.82,226.92,2899100000,2118856667,7.15
3/3/1986,226.92,243.80,222.18,238.90,3214600000,2168016333,5.28
4/1/1986,238.88,245.47,226.30,235.52,3240400000,2216209000,-1.41
5/1/1986,235.51,250.40,232.26,247.35,2680240000,2245063333,5.02
6/2/1986,247.34,251.81,238.23,250.84,2649600000,2271754667,1.41
7/1/1986,250.67,255.20,233.07,236.12,3029900000,2298896000,-5.87
8/1/1986,236.12,254.24,231.92,252.93,2701900000,2324532333,7.12
9/1/1986,252.93,254.13,228.08,231.32,3166300000,2368245000,-8.54
10/1/1986,231.32,244.51,231.32,243.98,3016740000,2411552000,5.47
11/3/1986,243.97,249.22,235.51,249.22,2940830000,2444928000,2.15
12/1/1986,249.22,254.87,241.28,242.16,3260870000,2493194667,-2.83
1/1/1987,242.17,280.96,242.17,274.08,4040880000,2572484000,13.18
2/2/1987,274.08,287.55,273.16,284.20,3485300000,2604430000,3.69
3/2/1987,284.17,302.72,282.30,291.70,3965100000,2677644667,2.64
4/1/1987,291.70,303.64,275.68,288.35,3931700000,2738360333,-1.15
5/1/1987,288.35,298.69,277.02,290.10,3417700000,2793707667,0.61
6/1/1987,290.10,310.25,286.93,304.00,3595000000,2854174333,4.79
7/1/1987,304.00,318.85,302.54,318.66,3966400000,2897264000,4.82
8/3/1987,320.25,337.89,314.51,329.79,4062400000,2959523333,3.49
9/1/1987,329.81,332.18,308.56,321.83,3723200000,3011860333,-2.41
10/1/1987,321.87,328.93,216.47,251.79,6094500000,3148947667,-21.76
11/2/1987,251.79,257.21,225.76,230.31,3589530000,3190254000,-8.53
12/1/1987,233.96,253.35,221.24,247.09,3926750000,3250579000,7.29
1/1/1988,247.10,261.77,240.17,257.07,3494700000,3284966667,4.04
2/1/1988,257.05,267.82,247.82,267.82,3693240000,3343968000,4.18
3/1/1988,267.83,272.64,256.07,258.89,4052970000,3417061667,-3.33
4/1/1988,258.88,272.03,254.71,261.33,3260760000,3440979000,0.94
5/2/1988,261.33,263.70,248.85,262.14,3231370000,3467179000,0.31
6/1/1988,262.16,276.88,262.10,273.50,4306710000,3517256667,4.33
7/1/1988,273.51,276.36,262.48,272.01,3338470000,3532572000,-0.54
8/1/1988,272.02,274.20,256.53,261.52,3327470000,3546851000,-3.86
9/1/1988,261.52,274.87,256.98,271.91,3059450000,3541679333,3.97
10/3/1988,271.91,283.95,268.84,278.97,3415160000,3547504667,2.60
11/1/1988,278.97,280.37,262.85,273.69,2822820000,3552257333,-1.89
12/1/1988,273.68,280.45,270.47,277.72,2844900000,3558767333,1.47
1/2/1989,277.72,297.51,273.81,297.48,3532220000,3575511333,7.12
2/1/1989,297.48,300.57,286.26,288.86,3216280000,3592657333,-2.90
3/1/1989,288.86,299.99,286.46,294.87,3504530000,3603931667,2.08
4/3/1989,294.87,310.45,294.35,309.64,3237250000,3611282000,5.01
5/1/1989,309.64,323.06,304.06,320.52,3747320000,3638165000,3.51
6/1/1989,320.50,329.19,314.38,317.98,3966590000,3661689000,-0.79
7/3/1989,317.98,346.08,317.26,346.08,3249030000,3635294000,8.84
8/1/1989,346.13,352.73,339.00,351.45,3949100000,3650754000,1.55
9/1/1989,351.45,354.13,341.37,349.15,3035020000,3619751333,-0.65
10/2/1989,349.15,360.44,327.12,340.36,4012670000,3622450333,-2.52
11/1/1989,340.37,346.50,330.91,345.99,3032160000,3609599000,1.65
12/1/1989,345.99,354.10,339.63,353.40,3213420000,3596879667,2.14
1/1/1990,353.39,360.59,319.83,329.08,3793250000,3591108000,-6.88
2/1/1990,329.07,336.09,322.10,331.89,2961970000,3554427000,0.85
3/1/1990,331.86,344.49,331.08,339.94,3283280000,3539763000,2.43
4/2/1990,339.93,347.30,327.76,330.80,2801220000,3429987000,-2.69
5/1/1990,330.80,362.26,330.80,361.23,3596680000,3430225333,9.20
6/1/1990,361.26,368.78,351.23,358.02,3226280000,3406876333,-0.89
7/2/1990,358.02,369.78,350.09,356.15,3373540000,3402837667,-0.52
8/1/1990,356.15,357.35,306.18,322.56,4020730000,3413754000,-9.43
9/3/1990,322.56,326.53,295.98,306.05,2687280000,3368231000,-5.12
10/1/1990,306.10,319.69,294.51,304.00,3671900000,3381935667,-0.67
11/1/1990,304.00,323.02,301.61,322.22,3149770000,3379215667,5.99
12/3/1990,322.23,333.98,321.97,330.22,3116830000,3339553000,2.48
1/1/1991,330.20,343.93,309.35,343.93,3660240000,3350278667,4.15
2/1/1991,343.91,370.96,340.37,367.07,4303170000,3382802000,6.73
3/1/1991,367.07,379.66,363.73,375.22,3927920000,3411751000,2.22
4/1/1991,375.22,391.26,370.27,375.35,4017200000,3431819000,0.03
5/1/1991,375.35,389.85,365.83,389.83,3739700000,3462381667,3.86
6/3/1991,389.75,389.75,367.98,371.16,3258730000,3476176000,-4.79
7/1/1991,371.18,387.81,370.92,387.81,3481570000,3474487667,4.49
8/1/1991,387.81,396.82,374.09,395.43,3713820000,3491072333,1.96
9/2/1991,395.43,397.62,382.77,387.86,3260990000,3482954333,-1.91
10/1/1991,387.86,393.81,376.11,392.46,4082380000,3511125333,1.19
11/1/1991,392.46,398.22,371.63,375.22,3737620000,3510802000,-4.39
12/2/1991,375.11,418.32,371.36,417.09,4155310000,3517092667,11.16
1/1/1992,417.03,421.18,408.64,408.79,5286280000,3585001000,-1.99
2/3/1992,408.79,418.08,406.34,412.70,4267610000,3595618000,0.96
3/2/1992,412.68,413.78,401.94,403.69,4066240000,3629992000,-2.18
4/1/1992,403.67,416.28,392.41,414.95,4315840000,3640097667,2.79
5/1/1992,414.95,418.75,409.85,415.35,3643980000,3660491667,0.10
6/1/1992,415.35,417.30,399.92,408.14,4259830000,3695372000,-1.74
7/1/1992,408.20,424.80,407.20,424.22,4265220000,3711104333,3.94
8/3/1992,424.19,425.14,408.30,414.03,3653820000,3734166000,-2.40
9/1/1992,414.03,425.27,412.71,417.80,4023850000,3758851667,0.91
10/1/1992,417.80,421.16,396.80,418.68,4507010000,3815711333,0.21
11/2/1992,418.66,431.93,415.58,431.35,4148770000,3834114333,3.03
12/1/1992,431.35,442.65,428.61,435.71,4876150000,3889110000,1.01
1/1/1993,435.70,442.66,426.88,438.78,5280850000,3952687000,0.70
2/1/1993,438.79,450.04,428.25,443.38,5442450000,4000077667,1.05
3/1/1993,443.40,456.76,441.07,451.67,5766950000,4102733333,1.87
4/1/1993,451.67,452.63,432.30,440.19,5853170000,4175442333,-2.54
5/3/1993,440.19,454.55,436.86,450.21,5108640000,4240738000,2.28
6/1/1993,450.19,455.63,442.50,450.53,5544400000,4321657000,0.07
7/1/1993,450.54,451.15,441.40,448.13,5308530000,4376600000,-0.53
8/2/1993,448.14,463.56,446.94,463.56,5506200000,4416701000,3.44
9/1/1993,463.55,463.80,449.64,458.93,5552720000,4470861000,-1.00
10/1/1993,458.93,471.10,456.40,467.83,5940460000,4534969667,1.94
11/1/1993,467.83,469.11,454.36,461.79,5876610000,4606200000,-1.29
12/1/1993,461.93,471.29,461.45,466.45,5791210000,4690616000,1.01
1/3/1994,466.45,482.85,464.36,481.61,6627390000,4795476667,3.25
2/1/1994,481.60,482.23,464.26,467.14,5853100000,4866786000,-3.00
3/1/1994,467.19,471.09,436.16,445.76,7225010000,4998920000,-4.58
4/1/1994,445.66,452.79,435.86,450.91,5735010000,5054007667,1.16
5/2/1994,450.91,457.77,440.78,456.51,5675970000,5118619333,1.24
6/1/1994,456.50,463.23,439.83,444.27,5852670000,5175198000,-2.68
7/1/1994,444.29,459.33,443.58,458.25,4980100000,5164992000,3.15
8/1/1994,458.27,477.59,456.08,475.50,6398750000,5236030000,3.76
9/1/1994,475.49,475.49,458.47,462.71,6152870000,5305584333,-2.69
10/3/1994,462.77,474.74,449.27,472.35,6344700000,5373213000,2.08
11/1/1994,472.26,472.26,444.18,453.69,6251240000,5460121667,-3.95
12/1/1994,453.55,462.73,442.88,461.17,6095270000,5521303000,1.65
1/2/1995,459.21,471.36,457.20,470.42,6176650000,5585017333,2.01
2/1/1995,470.42,489.19,469.29,487.39,6330100000,5674226667,3.61
3/1/1995,487.39,508.15,479.70,500.71,7792400000,5799845000,2.73
4/3/1995,500.74,515.29,500.20,514.71,6307030000,5859845667,2.80
5/1/1995,514.73,533.41,513.03,533.40,7555690000,5973409667,3.63
6/1/1995,533.41,551.07,526.00,544.75,7555650000,6062726333,2.13
7/3/1995,544.79,565.40,542.51,562.06,7307960000,6130296667,3.18
8/1/1995,562.07,565.62,553.04,561.88,7146620000,6187102333,-0.03
9/1/1995,561.83,587.61,561.01,584.41,7052830000,6229965000,4.01
10/2/1995,584.43,590.66,571.55,581.50,8043320000,6302970000,-0.50
11/1/1995,581.61,608.69,581.04,605.37,7602150000,6386087000,4.10
12/1/1995,605.42,622.88,605.05,615.93,7697540000,6457858333,1.74
1/1/1996,615.93,636.18,597.29,636.02,9188050000,6587175667,3.26
2/1/1996,636.02,664.19,633.71,640.43,8749960000,6695301000,0.69
3/1/1996,640.43,656.97,627.63,645.50,8984200000,6809683667,0.79
4/1/1996,645.50,656.68,624.14,654.17,8875580000,6907521000,1.34
5/1/1996,654.17,681.10,630.07,669.12,8921140000,7009005333,2.29
6/3/1996,669.12,680.32,658.75,670.63,7930840000,7080326333,0.23
7/1/1996,670.64,675.88,605.88,639.95,8849860000,7154408667,-4.57
8/1/1996,639.95,670.68,639.49,651.99,7380320000,7205316000,1.88
9/2/1996,651.90,690.88,643.97,687.33,8064070000,7233284667,5.42
10/1/1996,687.31,714.10,684.44,705.27,9703670000,7365573333,2.61
11/1/1996,705.27,762.12,701.30,757.02,8763850000,7468502667,7.34
12/2/1996,757.02,761.75,716.69,740.74,9089170000,7576386000,-2.15
1/1/1997,740.74,794.67,729.55,786.16,11635830000,7798243667,6.13
2/3/1997,786.16,817.68,773.43,790.82,9715930000,7908816333,0.59
3/3/1997,790.82,814.90,756.13,757.12,10120760000,8041079333,-4.26
4/1/1997,757.12,804.13,733.54,801.34,10454880000,8178085333,5.84
5/1/1997,801.34,851.87,793.21,848.28,10106650000,8306599000,5.86
6/2/1997,848.28,902.09,838.82,885.14,10857950000,8465355000,4.35
7/1/1997,885.14,957.73,884.54,954.31,11958120000,8658070667,7.81
8/1/1997,954.29,964.17,893.34,899.47,10606100000,8800604000,-5.75
9/1/1997,899.47,960.59,899.47,947.28,11383000000,8920290667,5.32
10/1/1997,950.72,983.12,855.27,914.62,14017260000,9177298333,-3.45
11/3/1997,914.62,964.55,900.61,955.40,10173620000,9264562667,4.46
12/1/1997,955.40,986.25,924.92,970.43,11958880000,9411337000,1.57
1/1/1998,970.43,992.65,912.83,980.28,12733830000,9592199333,1.02
2/2/1998,980.28,1051.66,980.28,1049.34,11656550000,9742530333,7.04
3/2/1998,1049.68,1113.07,1030.87,1101.75,13719590000,9964755667,4.99
4/1/1998,1101.75,1132.98,1076.70,1111.77,13656060000,10151847000,0.91
5/1/1998,1111.75,1130.52,1074.39,1090.82,11477140000,10281013333,-1.88
6/1/1998,1090.82,1145.15,1074.67,1133.84,13551970000,10476161000,3.94
7/1/1998,1133.84,1190.58,1114.30,1120.67,14194800000,10643052667,-1.16
8/3/1998,1120.67,1121.79,957.42,957.53,15071550000,10853772333,-14.56
9/1/1998,957.30,1066.11,939.98,1017.05,16714080000,11111435000,6.22
10/1/1998,1017.01,1103.76,923.32,1098.67,18001650000,11415637333,8.03
11/2/1998,1098.82,1192.97,1098.82,1163.63,13451280000,11566642000,5.91
12/1/1998,1163.63,1244.93,1136.89,1229.23,15181450000,11808329000,5.64
1/1/1999,1229.23,1280.40,1206.59,1279.64,16213500000,12053783667,4.10
2/1/1999,1281.02,1283.91,1211.89,1238.33,14555860000,12292968333,-3.23
3/1/1999,1238.33,1323.88,1216.03,1286.42,18002500000,12624249333,3.88
4/1/1999,1286.44,1371.67,1282.55,1335.18,18523200000,12918233667,3.79
5/3/1999,1335.18,1375.98,1277.31,1301.84,15880260000,13155447333,-2.50
6/1/1999,1301.74,1372.93,1277.51,1372.66,16079170000,13388447333,5.44
7/1/1999,1372.70,1420.14,1328.49,1328.72,15332930000,13511684000,-3.20
8/2/1999,1328.67,1382.75,1267.73,1320.41,15818550000,13715104667,-0.63
9/1/1999,1321.12,1361.39,1256.29,1282.71,16438700000,13925702667,-2.86
10/1/1999,1281.00,1373.22,1233.66,1362.93,18832000000,14204940000,6.25
11/1/1999,1363.17,1425.27,1346.49,1388.95,18384820000,14480879000,1.91
12/1/1999,1388.91,1473.10,1387.38,1469.25,19640690000,14773637000,5.78
1/3/2000,1471.21,1478.00,1350.05,1394.46,21494400000,15091513000,-5.09
2/1/2000,1395.05,1444.55,1325.02,1359.78,20912000000,15435043000,-2.49
3/1/2000,1366.83,1552.87,1346.62,1498.58,26156200000,15927483000,10.21
4/3/2000,1498.58,1527.19,1339.40,1456.04,20106460000,16130456333,-2.84
5/1/2000,1456.75,1481.51,1361.09,1420.65,19898300000,16454612333,-2.43
6/1/2000,1425.53,1488.93,1425.53,1454.60,21738300000,16780593000,2.39
7/3/2000,1454.27,1517.32,1413.89,1430.84,19089100000,16992435333,-1.63
8/1/2000,1430.83,1525.21,1425.43,1517.59,20363700000,17282673667,6.06
9/1/2000,1520.69,1530.09,1419.44,1436.48,20838300000,17519964000,-5.34
10/2/2000,1441.68,1454.82,1305.79,1429.39,25951400000,17929808667,-0.49
11/1/2000,1425.25,1438.46,1294.90,1314.95,20532300000,18231647333,-8.01
12/1/2000,1317.34,1389.05,1254.07,1320.50,23610800000,18566941667,0.42
1/2/2001,1320.28,1383.37,1274.62,1366.01,27829800000,19021441667,3.45
2/1/2001,1365.67,1376.38,1215.44,1239.94,21644400000,19240536667,-9.23
3/1/2001,1237.39,1267.42,1081.38,1160.34,27806610000,19610287667,-6.42
4/2/2001,1160.20,1269.30,1091.99,1249.48,25409990000,19857232333,7.68
5/1/2001,1249.55,1315.79,1232.00,1255.84,24525900000,20226386333,0.51
6/1/2001,1257.50,1286.62,1203.03,1226.99,24748030000,20545272333,-2.30
7/2/2001,1225.00,1239.78,1165.54,1211.22,23793710000,20797946000,-1.29
8/1/2001,1214.30,1226.27,1124.87,1133.58,23359200000,21091390667,-6.41
9/4/2001,1133.38,1155.40,944.75,1040.90,25025290000,21325483667,-8.18
10/1/2001,1040.20,1110.61,1026.76,1059.78,29951280000,21706419667,1.81
11/1/2001,1060.98,1163.38,1054.31,1139.45,26330000000,22054744333,7.52
12/3/2001,1137.53,1173.62,1114.53,1148.16,25128570000,22356391000,0.76
1/2/2002,1149.97,1176.97,1081.66,1130.18,29746200000,22836833333,-1.57
2/1/2002,1129.40,1129.40,1074.36,1106.74,26047600000,23177801667,-2.07
3/1/2002,1108.74,1173.94,1108.74,1147.39,26563200000,23515285000,3.67
4/1/2002,1145.96,1147.84,1063.46,1076.87,28568900000,23839848333,-6.15
5/1/2002,1076.40,1106.59,1048.96,1067.18,26905500000,24123871000,-0.90
6/3/2002,1066.77,1070.74,952.92,989.44,29981510000,24468565000,-7.28
7/1/2002,989.15,994.46,775.68,911.62,42228720000,25159709000,-7.87
8/1/2002,910.70,965.00,833.44,916.08,29298400000,25439255667,0.49
9/3/2002,916.07,924.02,800.20,815.26,27723710000,25491506000,-11.01
10/1/2002,816.78,907.44,768.63,885.76,37856310000,26083167667,8.65
11/1/2002,884.33,941.82,872.05,936.31,29200960000,26393256333,5.71
12/2/2002,941.57,954.28,869.45,879.82,25993640000,26535101000,-6.03
1/2/2003,881.44,935.05,840.34,855.70,30749580000,26923783667,-2.74
2/3/2003,855.70,864.64,806.29,841.15,25235300000,27086170333,-1.70
3/3/2003,841.96,895.89,788.90,848.12,30080030000,27394228000,0.83
4/1/2003,849.05,924.24,847.85,916.92,29669610000,27518168333,8.11
5/1/2003,916.80,965.38,902.83,963.59,30952100000,27865495000,5.09
6/2/2003,965.31,1015.33,964.47,974.50,31219400000,28119115000,1.13
7/1/2003,973.83,1015.41,962.10,990.31,31553200000,28243228333,1.62
8/1/2003,989.73,1011.01,960.84,1008.03,24881470000,28351130667,1.79
9/2/2003,1008.96,1040.29,990.36,995.95,29940110000,28422247333,-1.20
10/1/2003,997.12,1053.79,997.12,1050.71,32298500000,28651864333,5.50
11/3/2003,1051.84,1063.65,1031.20,1058.20,24463220000,28649775000,0.71
12/1/2003,1059.64,1112.56,1053.41,1111.92,27839130000,28752811667,5.08
1/2/2004,1112.64,1155.38,1105.08,1131.13,32820000000,29053688000,1.73
2/2/2004,1131.88,1158.98,1124.44,1144.94,27985600000,29207901333,1.22
3/1/2004,1144.94,1163.23,1087.06,1126.21,33597900000,29493655000,-1.64
4/1/2004,1126.20,1150.54,1107.23,1107.24,31611900000,29549009000,-1.68
5/3/2004,1107.30,1127.74,1076.32,1120.64,29326400000,29648889000,1.21
6/1/2004,1119.48,1146.34,1113.32,1140.75,27529500000,29728920000,1.79
7/1/2004,1140.73,1140.80,1078.78,1101.72,29285600000,29713566667,-3.42
8/2/2004,1101.72,1109.68,1060.72,1104.24,26586800000,29731540000,0.23
9/1/2004,1104.24,1131.54,1099.18,1114.58,26829870000,29740429000,0.94
10/1/2004,1115.96,1142.05,1090.19,1130.20,31511000000,29838499000,1.40
11/1/2004,1130.26,1188.46,1127.53,1173.82,30460280000,29956991667,3.86
12/1/2004,1173.83,1217.33,1173.76,1211.92,31102500000,29994358000,3.25
1/3/2005,1213.43,1217.90,1163.75,1181.27,31498800000,29636694000,-2.53
2/1/2005,1181.26,1212.44,1181.03,1210.41,29297410000,29636661000,2.47
3/1/2005,1209.21,1225.69,1163.69,1180.59,39014150000,30013009000,-2.46
4/1/2005,1181.44,1191.88,1136.22,1156.85,43424270000,30198607667,-2.01
5/2/2005,1156.85,1199.56,1146.18,1191.50,39321990000,30535975333,3.00
6/1/2005,1191.07,1219.59,1188.30,1191.33,40334040000,31013988667,-0.01
7/1/2005,1191.33,1245.15,1183.55,1234.18,37464670000,31237825000,3.60
8/1/2005,1234.86,1245.86,1201.07,1220.33,42030090000,31797651333,-1.12
9/1/2005,1219.71,1243.13,1205.35,1228.81,44777510000,32287567333,0.69
10/3/2005,1228.81,1233.34,1168.42,1207.01,49793790000,32958373333,-1.77
11/1/2005,1205.85,1270.64,1201.07,1249.48,45102870000,33430065667,3.52
12/1/2005,1249.48,1275.80,1246.59,1248.29,41756130000,33781290000,-0.10
1/3/2006,1252.03,1294.90,1245.74,1280.08,49211650000,34369905000,2.55
2/1/2006,1280.08,1297.57,1253.61,1280.66,42859940000,34969187333,0.05
3/1/2006,1281.65,1310.88,1268.42,1294.82,50905040000,35668018333,1.11
4/3/2006,1302.88,1318.16,1280.74,1310.61,43308430000,36035016000,1.22
5/1/2006,1311.10,1326.70,1245.34,1270.09,54312830000,37030003000,-3.09
6/1/2006,1270.22,1290.68,1219.29,1270.20,54873260000,37931140667,0.01
7/3/2006,1270.93,1280.42,1224.54,1276.66,46348220000,38382081333,0.51
8/1/2006,1275.76,1306.74,1261.30,1303.82,50485620000,39132082000,2.13
9/1/2006,1303.80,1340.28,1290.93,1335.85,49001440000,39645533333,2.46
10/2/2006,1335.56,1389.45,1327.10,1377.94,56793620000,40484924000,3.15
11/1/2006,1377.76,1407.89,1360.98,1400.63,55343930000,41352175000,1.65
12/1/2006,1400.63,1431.81,1385.93,1418.30,47578780000,42020484333,1.26
1/3/2007,1418.03,1441.61,1403.97,1438.24,56686200000,42933837667,1.41
2/1/2007,1437.90,1461.57,1389.42,1406.82,51844990000,43775777333,-2.18
3/1/2007,1406.80,1438.89,1363.98,1420.86,67622250000,45135523333,1.00
4/2/2007,1420.83,1498.02,1416.37,1482.37,57032470000,45986239000,4.33
5/1/2007,1483.00,1535.56,1476.70,1530.62,64958050000,47136164667,3.25
6/1/2007,1532.99,1540.56,1484.18,1503.35,65322800000,48276841333,-1.78
7/2/2007,1506.14,1555.90,1454.22,1455.27,70337430000,49571462333,-3.20
8/1/2007,1454.40,1503.41,1370.60,1473.99,91381760000,51640940667,1.29
9/4/2007,1473.96,1538.74,1439.29,1526.75,57809700000,52267459000,3.58
10/1/2007,1527.29,1576.09,1489.56,1549.38,76022580000,53354069333,1.48
11/1/2007,1545.79,1545.79,1406.10,1481.14,86246950000,54918234667,-4.40
12/3/2007,1479.63,1523.57,1435.65,1468.36,64821670000,55734489000,-0.86
1/2/2008,1467.97,1471.77,1270.05,1378.55,98475340000,57768178000,-6.12
2/1/2008,1378.60,1396.02,1316.75,1330.63,78536130000,58985046000,-3.48
3/3/2008,1330.45,1359.68,1256.98,1322.70,93189170000,60598768000,-0.60
4/1/2008,1326.41,1404.57,1324.35,1385.59,85978630000,61804929333,4.75
5/1/2008,1385.97,1440.24,1373.07,1400.38,80990480000,63001183000,1.07
6/2/2008,1399.62,1404.05,1272.00,1280.00,96614040000,64829780000,-8.60
7/1/2008,1276.68,1292.17,1200.44,1267.38,1.24981E+11,67355410667,-0.99
8/1/2008,1269.42,1313.15,1247.45,1282.83,86266010000,68802279667,1.22
9/2/2008,1287.82,1303.04,1106.39,1166.36,1.40007E+11,71772355667,-9.08
10/1/2008,1164.17,1167.03,839.80,968.75,1.59823E+11,75656175667,-16.94
11/3/2008,968.67,1007.51,747.78,896.24,1.1566E+11,77701088333,-7.48
12/1/2008,888.61,918.85,815.69,903.25,1.12884E+11,79634795333,0.78
1/2/2009,902.99,943.85,804.30,825.88,1.12091E+11,81826209333,-8.57
2/2/2009,823.09,875.01,734.52,735.09,1.24492E+11,84293095667,-10.99
3/2/2009,729.57,832.98,666.79,797.87,1.61844E+11,88054502333,8.54
4/1/2009,793.59,888.70,783.32,872.81,1.38855E+11,90789892333,9.39
5/1/2009,872.74,930.17,866.10,919.14,1.31615E+11,93332259333,5.31
6/1/2009,923.26,956.23,888.86,919.32,1.12653E+11,95501405000,0.02
7/1/2009,920.82,996.68,869.32,987.48,1.06636E+11,97166391333,7.41
8/3/2009,990.22,1039.47,978.51,1020.62,1.16059E+11,99306867333,3.36
9/1/2009,1019.52,1080.15,991.97,1057.08,1.12295E+11,1.00796E+11,3.57
10/1/2009,1054.91,1101.36,1019.95,1036.19,1.13411E+11,1.02675E+11,-1.98
11/2/2009,1036.18,1113.69,1029.38,1095.63,84981530000,1.03343E+11,5.74
12/1/2009,1098.89,1130.38,1085.89,1115.10,89515330000,1.04149E+11,1.78
1/4/2010,1116.56,1150.45,1071.59,1073.87,90947580000,1.04836E+11,-3.70
2/1/2010,1073.89,1112.42,1044.50,1104.49,84561340000,1.04609E+11,2.85
3/1/2010,1105.36,1180.69,1105.36,1169.43,1.03684E+11,1.06138E+11,5.88
4/1/2010,1171.23,1219.80,1170.69,1186.68,1.16742E+11,1.07495E+11,1.48
5/3/2010,1188.57,1205.13,1040.78,1089.41,1.27663E+11,1.08876E+11,-8.20
6/1/2010,1087.30,1131.23,1028.33,1030.71,1.10107E+11,1.10385E+11,-5.39
7/1/2010,1031.10,1120.95,1010.91,1101.60,94778110000,1.10262E+11,6.88
8/2/2010,1107.53,1129.24,1039.70,1049.33,85738250000,1.10502E+11,-4.74
9/1/2010,1049.72,1157.16,1049.72,1141.20,79589450000,1.10049E+11,8.76
10/1/2010,1143.49,1196.14,1131.87,1183.26,89536270000,1.10167E+11,3.69
11/1/2010,1185.71,1227.08,1173.00,1180.55,87151070000,1.10373E+11,-0.23
12/1/2010,1186.60,1262.60,1186.60,1257.64,80984530000,1.09852E+11,6.53
1/3/2011,1257.62,1302.67,1257.62,1286.12,92164940000,1.08758E+11,2.26
2/1/2011,1289.14,1344.07,1289.14,1327.22,59223660000,1.07856E+11,3.20
3/1/2011,1328.64,1332.28,1249.05,1325.83,89507640000,1.06173E+11,-0.10
4/1/2011,1329.48,1363.61,1294.70,1363.61,77364810000,1.03425E+11,2.85
5/2/2011,1365.21,1370.58,1311.80,1345.20,81708980000,1.02293E+11,-1.35
6/1/2011,1345.20,1345.20,1258.07,1320.64,86122730000,1.01401E+11,-1.83
7/1/2011,1320.64,1356.48,1282.86,1292.28,81102170000,1.00368E+11,-2.15
8/1/2011,1292.59,1307.38,1101.54,1218.89,1.08419E+11,99832038000,-5.68
9/1/2011,1219.12,1229.29,1114.22,1131.42,1.02787E+11,97863477333,-7.18
10/3/2011,1131.21,1292.66,1074.77,1253.30,98063670000,96503755667,10.77
11/1/2011,1251.00,1277.55,1158.66,1246.96,84275050000,94925759333,-0.51
12/1/2011,1246.91,1269.37,1202.37,1257.60,74742430000,93662068667,0.85
1/3/2012,1258.86,1333.47,1258.86,1312.41,79567560000,92759794333,4.36
2/1/2012,1312.45,1378.04,1312.45,1365.68,78385710000,91504009000,4.06
3/1/2012,1365.90,1419.15,1340.03,1408.47,83899660000,90557481333,3.13
4/2/2012,1408.47,1422.38,1357.38,1397.91,74761710000,89269172000,-0.75
5/1/2012,1397.86,1415.32,1291.98,1310.33,86920490000,89333804000,-6.27
6/1/2012,1309.87,1363.46,1266.74,1362.16,81582440000,89069374333,3.96
7/2/2012,1362.33,1391.74,1325.41,1379.32,73103810000,88474582000,1.26
8/1/2012,1379.32,1426.68,1354.65,1406.58,70283810000,87998664333,1.98
9/4/2012,1406.54,1474.51,1396.56,1440.67,69784280000,86868688667,2.42
10/1/2012,1440.90,1470.96,1403.28,1412.16,71752320000,85369035667,-1.98
11/1/2012,1412.20,1434.27,1343.35,1416.18,71489310000,83496586667,0.28
12/3/2012,1416.34,1448.00,1398.11,1426.19,66388180000,82039301000,0.71
1/2/2013,1426.19,1509.94,1426.19,1498.11,75848510000,81408314333,5.04
2/1/2013,1498.11,1530.94,1485.01,1514.68,69273480000,80859488667,1.11
3/1/2013,1514.68,1570.28,1501.48,1569.19,68527110000,80490744000,3.60
4/1/2013,1569.18,1597.57,1536.03,1597.57,77098000000,80076135000,1.81
5/1/2013,1597.55,1687.18,1581.28,1630.74,76447250000,79719341000,2.08
6/3/2013,1631.71,1654.19,1560.33,1606.28,74946790000,79518083000,-1.50
7/1/2013,1609.78,1698.78,1604.57,1685.73,68106820000,78716145667,4.95
8/1/2013,1689.42,1709.67,1627.47,1632.97,64802810000,78902117333,-3.13
9/3/2013,1635.95,1729.86,1633.41,1681.55,66174410000,78124343000,2.97
10/1/2013,1682.41,1775.22,1646.47,1756.54,76647400000,78100429333,4.46
11/1/2013,1758.70,1813.55,1746.20,1805.81,63628190000,77497736333,2.80
12/2/2013,1806.55,1849.44,1767.99,1848.36,64958820000,76792272667,2.36
1/2/2014,1845.86,1850.84,1770.45,1782.59,75871910000,76617930667,-3.56
2/3/2014,1782.68,1867.92,1737.92,1859.45,69725590000,75328144667,4.31
3/3/2014,1857.68,1883.97,1834.44,1872.34,71885030000,74298085000,0.69
4/1/2014,1873.96,1897.28,1814.36,1883.95,71595810000,73415823000,0.62
5/1/2014,1884.39,1924.03,1859.79,1923.57,63623630000,72727442333,2.10
6/2/2014,1923.87,1968.17,1915.98,1960.23,63283380000,72345474000,1.91
7/1/2014,1962.29,1991.39,1930.67,1930.67,66524690000,71910711667,-1.51
8/1/2014,1929.80,2005.04,1904.78,2003.37,58131140000,71235559333,3.77
9/2/2014,2004.07,2019.26,1964.04,1972.29,66706000000,70662437333,-1.55
10/1/2014,1971.44,2018.19,1820.66,2018.05,93714040000,71294181667,2.32
11/3/2014,2018.21,2075.76,2001.01,2067.56,63600190000,70516838333,2.45
12/1/2014,2065.78,2093.55,1972.56,2058.90,80743820000,70488884333,-0.42
1/2/2015,2058.90,2072.36,1988.12,1994.99,77330040000,70629758667,-3.10
2/2/2015,1996.67,2119.59,1980.90,2104.50,68775560000,70579483667,5.49
3/2/2015,2105.23,2117.52,2039.69,2067.89,76675850000,70809202667,-1.74
4/1/2015,2067.63,2125.92,2048.38,2085.51,72060940000,70819490000,0.85
5/1/2015,2087.38,2134.72,2067.93,2107.39,65187730000,70609437333,1.05
6/1/2015,2108.64,2129.87,2056.32,2063.11,73213980000,70836964000,-2.10
7/1/2015,2067.00,2132.82,2044.02,2103.84,77920590000,70906033333,1.97
8/3/2015,2104.49,2112.66,1867.01,1972.18,84626790000,71417810333,-6.26
9/1/2015,1970.09,2020.86,1871.91,1920.03,79989370000,71799885667,-2.64
10/1/2015,1919.65,2094.32,1893.70,2079.36,85844900000,72091449000,8.30
11/2/2015,2080.76,2116.48,2019.39,2080.41,75943590000,72074660333,0.05
12/1/2015,2082.93,2104.27,1993.26,2043.94,83649260000,72364742667,-1.75
1/4/2016,2038.20,2038.20,1812.29,1940.24,92409770000,73174841000,-5.07
2/1/2016,1936.94,1962.96,1810.10,1932.23,93049560000,74116399333,-0.41
3/1/2016,1937.09,2072.21,1937.09,2059.74,92639420000,74998566333,6.60
4/1/2016,2056.62,2111.05,2033.80,2065.30,81124990000,75147819333,0.27
5/2/2016,2067.17,2103.48,2025.91,2096.96,78883600000,75656333000,1.53
6/1/2016,2093.94,2120.55,1991.68,2098.86,86852700000,76386129000,0.09
7/1/2016,2099.34,2177.09,2074.02,2173.60,69530250000,76174740333,3.56
8/1/2016,2173.15,2193.81,2147.58,2170.95,75610310000,76370897667,-0.12
9/1/2016,2171.33,2187.87,2119.12,2168.27,77270240000,76550404667,-0.12
10/3/2016,2164.33,2169.60,2114.72,2126.15,73196630000,76603765333,-1.94
11/1/2016,2128.68,2214.10,2083.79,2198.81,88299760000,77426303000,3.42
12/1/2016,2200.17,2277.53,2187.44,2238.83,47521911540,76900920718,1.82
1/3/2017,2251.57,2300.99,2245.13,2278.87,42691608600,76106484671,1.79
2/1/2017,2285.59,2371.54,2271.65,2363.64,40740792430,75526806419,3.72
3/1/2017,2380.13,2400.98,2322.25,2362.72,47262642090,74878694489,-0.04
4/3/2017,2362.34,2398.16,2328.95,2384.20,37735944890,73012757985,0.91
5/1/2017,2388.50,2418.71,2352.72,2411.80,44654186270,72381224527,1.16
6/1/2017,2415.65,2453.82,2405.70,2423.41,48560081210,71308433234,0.48
7/3/2017,2431.39,2484.04,2407.70,2470.30,38444881680,70012261290,1.93
8/1/2017,2477.10,2490.87,2417.35,2471.65,40576568900,69072294920,0.05
9/1/2017,2474.42,2519.44,2446.55,2519.36,39446919450,67831330569,1.93
10/2/2017,2521.20,2582.98,2520.40,2575.26,43198854900,66869261065,2.22
11/1/2017,2583.21,2657.74,2557.45,2647.58,43412025180,66143404238,2.81
12/1/2017,2645.10,2694.97,2605.52,2673.61,39132011000,65007338605,0.98
1/2/2018,2683.73,2872.87,2682.36,2823.81,47016764050,63977211073,5.62
2/1/2018,2816.45,2835.96,2532.69,2713.83,49680991800,62812351133,-3.89
3/1/2018,2715.22,2801.90,2585.89,2640.87,49520702550,61796728885,-2.69
4/2/2018,2633.45,2717.49,2553.80,2648.05,44339282810,60413208312,0.27
5/1/2018,2643.64,2742.24,2594.62,2705.27,44387501420,59361338692,2.16
6/1/2018,2718.70,2791.47,2691.99,2718.37,46863556420,58135148573,0.48
7/2/2018,2704.95,2848.03,2698.95,2816.29,40961039660,56420190895,3.60
8/1/2018,2821.17,2916.50,2796.34,2901.52,41996718380,54718429508,3.03
9/4/2018,2896.96,2940.91,2864.12,2913.98,39907932480,52960713257,0.43
10/1/2018,2926.29,2939.86,2603.54,2711.74,58692277060,52212956159,-6.94
11/1/2018,2717.58,2815.15,2631.09,2760.17,50522310940,51267579857,1.79
12/3/2018,2790.50,2800.18,2346.58,2506.85,52618529970,50126440856,-9.18
1/2/2019,2476.96,2708.95,2443.96,2704.10,51676850910,49531327553,7.87
2/1/2019,2702.32,2813.49,2681.83,2784.49,41413762250,48391442628,2.97
3/1/2019,2798.22,2860.31,2722.27,2834.40,46072720470,47351525310,1.79
4/1/2019,2848.63,2949.52,2848.63,2945.83,41004945470,46278469159,3.93
5/1/2019,2952.33,2954.13,2750.52,2752.06,44288210430,44811417507,-6.58
6/3/2019,2751.53,2964.15,2728.81,2941.76,40240961550,44568719174,6.89
7/1/2019,2971.41,3027.98,2952.22,2980.38,38589600300,44431985564,1.31
8/1/2019,2980.32,3013.59,2822.12,2926.46,44182150470,44546697499,-1.81
9/3/2019,2909.01,3021.99,2891.85,2976.74,38026269430,44238818410,1.72
10/1/2019,2983.69,3050.10,2855.94,3037.56,41102823270,44351047689,2.04
11/1/2019,3050.72,3154.26,3050.72,3140.98,36870813095,44091601917,3.40
12/2/2019,3143.85,3247.93,3070.33,3230.78,36752559975,43698017876,2.86
1/2/2020,3244.67,3337.77,3214.64,3225.52,41642588990,43804608119,-0.16
2/3/2020,3235.66,3393.52,2855.84,2954.22,45245591080,43960242192,-8.41
3/2/2020,2974.28,3136.72,2191.86,2584.59,95328394500,45822958027,-12.51
4/1/2020,2498.08,2954.86,2447.49,2912.43,71183388600,46755775817,12.68
5/1/2020,2869.09,3068.67,2766.64,3044.31,61411575550,47355760829,4.53
6/1/2020,3038.78,3233.13,2965.66,3100.29,72273671280,48460482839,1.84
7/1/2020,3105.92,3279.99,3101.17,3271.12,54487212840,48709497798,5.51
8/3/2020,3288.26,3514.77,3284.53,3500.31,46125738470,48590989354,7.01
9/1/2020,3507.44,3588.11,3209.45,3363.00,55234683550,48781455387,-3.92
10/1/2020,3385.87,3549.85,3233.94,3269.96,51333972360,49014611706,-2.77
11/2/2020,3296.20,3645.99,3279.74,3621.63,53533033080,49319462761,10.75
12/1/2020,3645.87,3760.20,3633.40,3756.08,49958726750,49422635105,3.71
1/4/2021,3764.61,3870.90,3662.71,3714.25,50931000000,49754967117,-1.11
2/1/2021,3731.17,3950.43,3725.62,3811.16,44962000000,49853809837,2.61
3/1/2021,3842.51,3994.41,3723.34,3972.90,60596000000,50543412088,4.24
4/1/2021,3992.78,4218.78,3992.78,4181.18,44101000000,50057036186,5.24
5/3/2021,4191.98,4238.04,4056.88,4204.12,44206000000,49846492488,0.55
6/1/2021,4216.52,4302.43,4164.40,4297.49,44580584810,49578560983,2.22
7/1/2021,4300.73,4429.97,4233.13,4395.27,41364290460,49234808968,2.28
8/2/2021,4406.86,4537.36,4367.73,4522.69,40527350430,49205261907,2.90
9/1/2021,4531.57,4545.85,4305.91,4307.53,42180000000,49075504558,-4.76
10/1/2021,4317.16,4608.08,4278.94,4605.39,40895000000,49071839709,6.91
11/1/2021,4610.62,4743.83,4560.00,4567.01,46228000000,49136499361,-0.83
12/1/2021,4602.82,4808.93,4495.12,4766.19,48376000000,49407667310,4.36
1/3/2022,4778.14,4818.62,4222.62,4515.54,53549000000,49906313966,-5.26
2/1/2022,4519.57,4595.31,4114.65,4373.95,49316000000,50077442284,-3.14
3/1/2022,4363.14,4637.30,4157.87,4530.42,60645000000,50831399970,3.58
4/1/2022,4540.32,4593.45,4124.28,4131.92,48529000000,51078939194,-8.80
5/2/2022,4130.61,4307.66,3810.32,4132.16,55735000000,51707745424,0.01
6/1/2022,4149.78,4177.51,3636.87,3785.39,51750000000,52207660092,-8.39
7/1/2022,3781.00,4140.15,3721.56,4130.29,44001000000,52286273792,9.11
8/1/2022,4112.38,4325.28,3954.53,3954.99,46082000000,52314154089,-4.24
9/1/2022,3936.73,4119.28,3584.13,3585.61,51999000000,50869840939,-9.34
10/3/2022,3609.78,3905.42,3491.58,3871.97,56169000000,50369361319,7.99
11/1/2022,3901.79,4080.11,3698.15,4080.11,51365000000,50034475468,5.38
12/1/2022,4087.14,4100.96,3764.49,3839.49,47490000000,49208353092,-5.90
1/3/2023,3853.29,4094.21,3794.33,4076.59,47945000000,48990279330,6.18
2/1/2023,4070.07,4195.44,3943.08,3970.16,45983000000,48985521381,-2.61
3/1/2023,3963.34,4110.75,3808.86,4109.32,63621000000,49265065263,3.51
4/3/2023,4102.20,4170.06,4049.35,4169.49,42674000000,48976399518,1.46
5/1/2023,4166.79,4231.10,4048.28,4179.84,53298000000,48968565082,0.25
6/1/2023,4183.03,4458.48,4171.64,4450.37,51345000000,49014774190,6.47
7/3/2023,4450.48,4607.07,4385.05,4588.97,45465000000,48832574190,3.11
8/1/2023,4578.83,4584.62,4335.31,4507.67,46693000000,48890274190,-1.77
9/1/2023,4530.60,4541.25,4238.63,4288.04,44046000000,48338607523,-4.87
10/2/2023,4284.52,4393.57,4103.78,4193.81,52752000000,48626974190,-2.20
11/1/2023,4201.27,4587.64,4197.74,4567.81,47325000000,48730940857,8.92
12/1/2023,4559.43,4793.30,4546.50,4769.82,47091000000,48814621363,4.42
1/2/2024,4745.20,4931.09,4682.11,4845.66,50740000000,49127145014,1.59
2/1/2024,4861.11,5111.06,4853.52,5096.28,47676000000,49365433333,5.17
3/1/2024,5098.51,5264.85,5056.82,5254.34,48593000000,49579200000,3.10
4/1/2024,5257.97,5263.95,4953.56,5035.70,50132000000,49887100000,-4.16
5/1/2024,5029.03,5341.88,5011.05,5277.50,47610000000,49933166667,4.80
6/3/2024,5297.15,5523.64,5234.32,5460.49,47741000000,49912000000,3.47
7/1/2024,5471.08,5669.67,5390.95,5522.29,55077000000,49962933333,1.13
8/1/2024,5537.84,5651.62,5119.26,5648.39,54546000000,50137266667,2.28
9/3/2024,5623.89,5767.37,5402.62,5762.49,51926000000,49846633333,2.02
10/1/2024,5757.73,5878.46,5674.00,5705.44,52783000000,49988433333,-0.99
11/1/2024,5723.22,6044.17,5696.51,6032.39,52623000000,49884700000,5.73
12/2/2024,6040.11,6099.97,5832.30,5881.62,53271000000,49935400000,-2.50
1/2/2025,5903.26,6128.18,5773.31,6040.52,54880000000,50298033333,2.70
2/3/2025,5969.65,6147.43,5837.66,5954.51,57831000000,50689666667,-1.42
3/3/2025,5968.33,5986.09,5504.65,5521.53,32937000000,50054266667,-7.27
